component_max_abs_cosine,component_mean_abs_cosine,config_name,dataset,final_budget,final_inception_frechet,final_lowres_frechet_proxy,final_lpips_alex,final_mse,final_psnr_db,fixed_timestep,image_count,image_size,inception_available,inception_frechet_auc,lowres_frechet_proxy_auc,lpips_alex_auc,lpips_available,mse_auc,predictor_multiscale_levels,predictor_type,predictor_use_feedback,prefix_budgets,psnr_auc,report_dir,report_type,seed,split,steps,synthesis_mode,token_channels,token_count,variant
,,train_cifar10_k8_channelmask_p150eval_3k_cuda,cifar10,8,,4.311482235688215,,0.20337169617414474,12.937694805520339,500,256,32,,,5.394084804063273,,False,0.251633162299792,2,tiny_conv,True,"[1, 2, 4, 8]",12.146535211617326,quality_cifar10_channelmask_256_t500_2026-07-08,quality,137,val,3000,restricted,16,8,channel_mask
,,train_cifar10_k8_epsilononly_p150eval_3k_cuda,cifar10,8,,1.563358442400178,,0.14555003866553307,14.390476661822952,500,256,32,,,6.023887744868219,,False,8.142871423934897,2,tiny_conv,True,"[1, 2, 4, 8]",-0.7837690444718266,quality_cifar10_epsilononly_256_t500_2026-07-08,quality,137,val,3000,restricted,16,8,epsilon_only
,,train_cifar10_k8_epsilononly_p150eval_3k_cuda,cifar10,8,334.0694383258299,1.5633584424086389,,0.14555003866553307,14.390476661822952,500,256,32,True,493.35783254865026,6.0238877448697865,,False,8.142871423934897,2,tiny_conv,True,"[1, 2, 4, 8]",-0.7837690444718266,quality_cifar10_epsilononly_256_t500_inception_2026-07-08,quality,137,val,3000,restricted,16,8,epsilon_only
,,train_cifar10_k8_epsilononly_p150eval_3k_cuda,cifar10,8,334.0694383258299,1.5633584424086389,0.16389650106430054,0.14555003866553307,14.390476661822952,500,256,32,True,493.35783254865026,6.0238877448697865,0.35848300407330197,True,8.142871423934897,2,tiny_conv,True,"[1, 2, 4, 8]",-0.7837690444718266,quality_cifar10_epsilononly_256_t500_lpips_inception_2026-07-08,quality,137,val,3000,restricted,16,8,epsilon_only
0.7733059525489807,0.6344606876373291,train_cifar10_k8_denoisepath_p150_light_3k_cuda,cifar10,8,,1.8490533124044364,,0.15311462059617043,14.170433287742334,500,256,32,False,,5.597029080623257,,False,6.722057551766436,2,tiny_conv,True,"[1, 2, 4, 8]",0.023141606739407312,quality_cifar10_k8_light_256_t500_2026-07-08,quality,137,val,3000,restricted,16,8,light_denoise_path
,,train_cifar10_k8_denoisepath_p150_light_3k_cuda,cifar10,8,327.88877333667335,1.84905331241925,,0.15311462059617043,14.170433287742334,500,256,32,True,493.2343696690319,5.597029080621699,,False,6.722057551766436,2,tiny_conv,True,"[1, 2, 4, 8]",0.023141606739407312,quality_cifar10_k8_light_256_t500_inception_2026-07-08,quality,137,val,3000,restricted,16,8,light_denoise_path
,,train_cifar10_k8_denoisepath_p150_light_3k_cuda,cifar10,8,327.88877333667335,1.84905331241925,0.16742436215281487,0.15311462059617043,14.170433287742334,500,256,32,True,493.2343696690319,5.597029080621699,0.3685385640710592,True,6.722057551766436,2,tiny_conv,True,"[1, 2, 4, 8]",0.023141606739407312,quality_cifar10_k8_light_256_t500_lpips_inception_2026-07-08,quality,137,val,3000,restricted,16,8,light_denoise_path
0.6491080522537231,0.20499103835650853,train_cifar10_k8_denoisepath_p150_light_decor_3k_cuda,cifar10,8,,1.8040852590875922,,0.14943821355700493,14.275983241374231,500,256,32,False,,5.923978395717779,,False,8.070446900402507,2,tiny_conv,True,"[1, 2, 4, 8]",-0.6544554572894951,quality_cifar10_k8_light_decor_3k_256_t500_2026-07-08,quality,137,val,3000,restricted,16,8,component_decorrelation_ablation
0.7381601333618164,0.5164898037910461,train_cifar10_k8_denoisepath_p150_light_decorw0005_3k_cuda,cifar10,8,,1.8497401642485891,,0.1529550775885582,14.174960926676786,500,256,32,False,,5.6340514952634635,,False,6.988716844469309,2,tiny_conv,True,"[1, 2, 4, 8]",-0.11279919670610077,quality_cifar10_k8_light_decorw0005_3k_256_t500_2026-07-08,quality,137,val,3000,restricted,16,8,component_decorrelation_ablation
0.7512330412864685,0.5463154997144427,train_cifar10_k8_denoisepath_p150_light_decorw0005_sched1500w1000_3k_cuda,cifar10,8,,1.8756501381177735,,0.15292368084192276,14.175852484752365,500,256,32,False,,5.626702465134056,,False,6.8584803106884165,2,tiny_conv,True,"[1, 2, 4, 8]",-0.04719213223089606,quality_cifar10_k8_light_decorw0005_sched1500w1000_3k_256_t500_2026-07-08,quality,137,val,3000,restricted,16,8,component_decorrelation_ablation
0.7174272537231445,0.4308581437383379,train_cifar10_k8_denoisepath_p150_light_decorw001_3k_cuda,cifar10,8,,1.8477107793314884,,0.1515640839934349,14.214636922182997,500,256,32,False,,5.6726621188079775,,False,7.238050335397323,2,tiny_conv,True,"[1, 2, 4, 8]",-0.2283609470777058,quality_cifar10_k8_light_decorw001_3k_256_t500_2026-07-08,quality,137,val,3000,restricted,16,8,component_decorrelation_ablation
,,train_cifar10_k8_denoisepath_p150_light_3k_cuda,cifar10,8,367.7884483289044,3.1673422009345398,,0.1549786925315857,14.117879986548111,500,32,32,True,517.5648710371156,7.076538939584174,,False,6.708500534296036,2,tiny_conv,True,"[1, 2, 4, 8]",0.02303563419816701,quality_cifar10_k8_light_inception_smoke_32_t500_2026-07-08,quality,137,val,3000,restricted,16,8,light_denoise_path
,,train_imagenet_1k_64x64_hf_k8_channelmask_p150eval_5k_cuda,imagenet_1k_64x64_hf,8,,3.912054347078424,,0.17489043436944485,13.5929393493204,500,256,64,,,5.060559037235666,,False,0.23817485477775335,2,tiny_conv,True,"[1, 2, 4, 8]",12.485234180382278,quality_imagenet_hf_channelmask_256_t500_2026-07-08,quality,139,val,5000,restricted,16,8,channel_mask
,,train_imagenet_1k_64x64_hf_k8_denoisepath_p150_light_deepsk_5k_cuda,imagenet_1k_64x64_hf,8,,1.0278235990445248,,0.12551031913608313,15.033805574660978,500,256,64,,,5.383845704177557,,False,6.7629972868599,2,tiny_conv,True,"[1, 2, 4, 8]",0.15765965763258696,quality_imagenet_hf_deepsk_256_t500_2026-07-08,quality,139,val,5000,deep_decoder,16,8,deep_synthesis_ablation
,,train_imagenet_1k_64x64_hf_k8_denoisepath_p150_light_deepsk_5k_seed2_cuda,imagenet_1k_64x64_hf,8,298.04043156275634,2.450618972359611,0.6152905225753784,0.1675557028502226,13.779007774542901,500,256,64,True,367.5857649191323,5.599753025374991,0.9960613573590914,True,6.613850238112112,2,tiny_conv,True,"[1, 2, 4, 8]",0.02052534756516759,quality_imagenet_hf_deepsk_seed2_256_t500_lpips_inception_2026-07-08,quality,103,val,5000,deep_decoder,16,8,deep_synthesis_ablation
,,train_imagenet_1k_64x64_hf_k8_epsilononly_p150eval_20k_cuda,imagenet_1k_64x64_hf,8,330.6432419190185,0.7159785024331204,0.5203920379281044,0.10659691598266363,15.743153512817443,500,256,64,True,371.27686841645965,5.4476560869921835,0.9827605821192265,True,8.21381020033732,2,tiny_conv,True,"[1, 2, 4, 8]",-0.5756765011574968,quality_imagenet_hf_epsilononly_20k_256_t500_lpips_inception_2026-07-08,quality,139,val,20000,restricted,16,8,epsilon_only
,,train_imagenet_1k_64x64_hf_k8_epsilononly_p150eval_20k_seed2_cuda,imagenet_1k_64x64_hf,8,358.5814684608122,0.6252711851057179,0.5602435786277056,0.11003619735129178,15.605244177699507,500,1024,64,True,366.92076957033606,5.314998085903764,0.9937379797920585,True,8.07235655239007,2,tiny_conv,True,"[1, 2, 4, 8]",-0.5663937184041297,quality_imagenet_hf_epsilononly_20k_seed2_1024_t500_lpips_inception_2026-07-08,quality,103,val,20000,restricted,16,8,epsilon_only
0.383494108915329,0.14547811656951903,train_imagenet_1k_64x64_hf_k8_epsilononly_p150eval_20k_seed2_cuda,imagenet_1k_64x64_hf,8,,0.5532316261802475,,0.10797483997344971,15.687374222638951,500,50000,64,False,,5.225075043419672,,False,8.06906904091517,2,tiny_conv,True,"[1, 2, 4, 8]",-0.5513934654038802,quality_imagenet_hf_epsilononly_20k_seed2_fullval_t500_2026-07-08,quality,103,val,20000,restricted,16,8,epsilon_only
,,train_imagenet_1k_64x64_hf_k8_epsilononly_p150eval_5k_cuda,imagenet_1k_64x64_hf,8,,1.1014623567684458,,0.12616707105189562,15.011139702274484,500,256,64,,,5.506049424106441,,False,8.297705314587802,2,tiny_conv,True,"[1, 2, 4, 8]",-0.7409492479943675,quality_imagenet_hf_epsilononly_256_t500_2026-07-08,quality,139,val,5000,restricted,16,8,epsilon_only
,,train_imagenet_1k_64x64_hf_k8_epsilononly_p150eval_5k_cuda,imagenet_1k_64x64_hf,8,331.30439963369963,1.1014623568651076,,0.12616707105189562,15.011139702274484,500,256,64,True,372.46316040082655,5.506049424121399,,False,8.297705314587802,2,tiny_conv,True,"[1, 2, 4, 8]",-0.7409492479943675,quality_imagenet_hf_epsilononly_256_t500_inception_2026-07-08,quality,139,val,5000,restricted,16,8,epsilon_only
,,train_imagenet_1k_64x64_hf_k8_epsilononly_p150eval_5k_cuda,imagenet_1k_64x64_hf,8,331.30439963369963,1.1014623568651076,0.5353980511426926,0.12616707105189562,15.011139702274484,500,256,64,True,372.46316040082655,5.506049424121399,0.9783930803338686,True,8.297705314587802,2,tiny_conv,True,"[1, 2, 4, 8]",-0.7409492479943675,quality_imagenet_hf_epsilononly_256_t500_lpips_inception_2026-07-08,quality,139,val,5000,restricted,16,8,epsilon_only
,,train_imagenet_1k_64x64_hf_k8_epsilononly_p150eval_5k_seed2_cuda,imagenet_1k_64x64_hf,8,325.56716299389905,0.939263200772456,0.554108515381813,0.12272138148546219,15.13139755804086,500,256,64,True,376.82143835777816,5.488380364607342,0.998894048233827,True,8.09904139364759,2,tiny_conv,True,"[1, 2, 4, 8]",-0.6562835032675173,quality_imagenet_hf_epsilononly_seed2_256_t500_lpips_inception_2026-07-08,quality,103,val,5000,restricted,16,8,epsilon_only
,,train_imagenet_1k_64x64_hf_k16_denoisepath_p150_light_5k_cuda,imagenet_1k_64x64_hf,16,,1.100343412054223,,0.12651426438242197,14.999204966989474,500,256,64,,,5.766147920591318,,False,7.905224003945477,2,tiny_conv,True,"[1, 2, 4, 8, 16]",-1.0125609448709487,quality_imagenet_hf_k16_light_256_t500_2026-07-08,quality,139,val,5000,restricted,16,16,light_denoise_path
,,train_imagenet_1k_64x64_hf_k16_denoisepath_p150_light_5k_seed2_cuda,imagenet_1k_64x64_hf,16,346.69854578560523,0.9730070789355173,0.5384102016687393,0.12983298394829035,14.886749527389163,500,256,64,True,377.6511400366023,5.677710655642317,1.006226271390915,True,7.745983526227064,2,tiny_conv,True,"[1, 2, 4, 8, 16]",-0.9744054687691346,quality_imagenet_hf_k16_light_seed2_256_t500_lpips_inception_2026-07-08,quality,103,val,5000,restricted,16,16,light_denoise_path
,,train_imagenet_1k_64x64_hf_k4_denoisepath_p150_light_5k_cuda,imagenet_1k_64x64_hf,4,,1.150572032956996,,0.12665503285825253,14.99437539411111,500,256,64,,,4.548992671495668,,False,4.952937317546457,2,tiny_conv,True,"[1, 2, 4]",2.292689758504192,quality_imagenet_hf_k4_light_256_t500_2026-07-08,quality,139,val,5000,restricted,16,4,light_denoise_path
,,train_imagenet_1k_64x64_hf_k4_denoisepath_p150_light_5k_seed2_cuda,imagenet_1k_64x64_hf,4,337.1294324982822,0.9848229265703291,0.54045420140028,0.12432404421269894,15.075048622111225,500,256,64,True,360.3850593190929,4.514245918342705,0.9298042710870504,True,4.938312818761915,2,tiny_conv,True,"[1, 2, 4]",2.2983536028945024,quality_imagenet_hf_k4_light_seed2_256_t500_lpips_inception_2026-07-08,quality,103,val,5000,restricted,16,4,light_denoise_path
,,train_imagenet_1k_64x64_hf_k8_denoisepath_p150_light_20k_cuda,imagenet_1k_64x64_hf,8,360.7951351181197,0.8874313708514442,0.514988511800766,0.1112375520169735,15.558085684643046,500,256,64,True,378.2375990213612,5.2238945089468904,0.9734973932305971,True,6.627238397176067,2,tiny_conv,True,"[1, 2, 4, 8]",0.30469584206657324,quality_imagenet_hf_k8_light_20k_256_t500_lpips_inception_2026-07-08,quality,139,val,20000,restricted,16,8,light_denoise_path
,,train_imagenet_1k_64x64_hf_k8_denoisepath_p150_light_20k_seed2_cuda,imagenet_1k_64x64_hf,8,366.61738691815424,0.8776443590892103,0.5592953953891993,0.11626827297732234,15.365987697265876,500,1024,64,True,366.47723666420933,4.957210921763445,0.9700841391459107,True,6.607863778170819,2,tiny_conv,True,"[1, 2, 4, 8]",0.27087049209195957,quality_imagenet_hf_k8_light_20k_seed2_1024_t500_lpips_inception_2026-07-08,quality,103,val,20000,restricted,16,8,light_denoise_path
0.9493873119354248,0.8629757982526507,train_imagenet_1k_64x64_hf_k8_denoisepath_p150_light_20k_seed2_cuda,imagenet_1k_64x64_hf,8,,0.8032135043046044,,0.11417773213386535,15.444785787873514,500,50000,64,False,,4.8738489007310255,,False,6.604899761945407,2,tiny_conv,True,"[1, 2, 4, 8]",0.2855914881326023,quality_imagenet_hf_k8_light_20k_seed2_fullval_t500_2026-07-08,quality,103,val,20000,restricted,16,8,light_denoise_path
,,train_imagenet_1k_64x64_hf_k8_denoisepath_p150_light_5k_cuda,imagenet_1k_64x64_hf,8,,1.086360059476878,,0.12894379626959562,14.916595390819506,500,256,64,,,5.345836400655313,,False,6.702047128695995,2,tiny_conv,True,"[1, 2, 4, 8]",0.14246555463074687,quality_imagenet_hf_k8_light_256_t500_2026-07-08,quality,139,val,5000,restricted,16,8,light_denoise_path
,,train_imagenet_1k_64x64_hf_k8_denoisepath_p150_light_5k_cuda,imagenet_1k_64x64_hf,8,321.76765241838194,1.0863600595207221,,0.12894379626959562,14.916595390819506,500,256,64,True,372.1299274427799,5.345836400670566,,False,6.702047128695995,2,tiny_conv,True,"[1, 2, 4, 8]",0.14246555463074687,quality_imagenet_hf_k8_light_256_t500_inception_2026-07-08,quality,139,val,5000,restricted,16,8,light_denoise_path
,,train_imagenet_1k_64x64_hf_k8_denoisepath_p150_light_5k_cuda,imagenet_1k_64x64_hf,8,321.76765241838194,1.0863600595207221,0.5494644418358803,0.12894379626959562,14.916595390819506,500,256,64,True,372.1299274427799,5.345836400670566,0.9806524204711119,True,6.702047128695995,2,tiny_conv,True,"[1, 2, 4, 8]",0.14246555463074687,quality_imagenet_hf_k8_light_256_t500_lpips_inception_2026-07-08,quality,139,val,5000,restricted,16,8,light_denoise_path
,,train_imagenet_1k_64x64_hf_k8_denoisepath_p150_light_cleanmono_10k_cuda,imagenet_1k_64x64_hf,8,345.00944974501874,0.7991417689942125,0.5411988478153944,0.1182176808360964,15.293775561084061,500,1024,64,True,363.88899014299153,4.864275833857906,0.972907598130405,True,6.7003742612044634,2,tiny_conv,True,"[1, 2, 4, 8]",0.23404820641300775,quality_imagenet_hf_k8_light_cleanmono_10k_1024_t500_lpips_inception_2026-07-08,quality,163,val,10000,restricted,16,8,clean_monotonic_ablation
,,train_imagenet_1k_64x64_hf_k8_denoisepath_p150_light_multiscale_10k_cuda,imagenet_1k_64x64_hf,8,214.04996668989804,0.19248123743050205,0.48169187270104885,0.09812729374971241,16.102701697152895,500,1024,64,True,343.6893997601067,4.765782380328173,0.9539648157854875,True,6.669807541397556,2,multiscale_unet,True,"[1, 2, 4, 8]",0.3553130602849827,quality_imagenet_hf_k8_light_multiscale_10k_1024_t500_lpips_inception_2026-07-08,quality,151,val,10000,restricted,16,8,light_denoise_path
,,train_imagenet_1k_64x64_hf_k8_denoisepath_p150_light_nopathprefix_10k_cuda,imagenet_1k_64x64_hf,8,313.97386113676475,0.7371094811973267,0.5376558043062687,0.11709023267030716,15.335393223384944,500,1024,64,True,358.7153007467003,4.911449564316913,0.9762463886290789,True,6.964608968545993,2,tiny_conv,True,"[1, 2, 4, 8]",0.0539850337151219,quality_imagenet_hf_k8_light_nopathprefix_10k_1024_t500_lpips_inception_2026-07-08,quality,157,val,10000,restricted,16,8,no_prefix_loss_ablation
,,train_imagenet_1k_64x64_hf_k8_denoisepath_p150_light_5k_seed2_cuda,imagenet_1k_64x64_hf,8,341.2256051589552,0.8943762857402408,0.5463289171457291,0.1246963869780302,15.062061211552457,500,256,64,True,373.5919689867664,5.313708716004755,0.990866961578528,True,6.787810784764588,2,tiny_conv,True,"[1, 2, 4, 8]",0.09460515902955269,quality_imagenet_hf_k8_light_seed2_256_t500_lpips_inception_2026-07-08,quality,103,val,5000,restricted,16,8,light_denoise_path
,,train_imagenet_1k_64x64_hf_k8_denoisepath_p150_light_simultaneous_5k_seed2_cuda,imagenet_1k_64x64_hf,8,318.74851479264555,0.9934054929222863,0.5756500065326691,0.12933004461228848,14.903605639448752,500,256,64,True,372.9823865778826,5.261991592891536,0.9891995464762052,True,6.6234349419052405,2,tiny_conv,False,"[1, 2, 4, 8]",0.1930701392135171,quality_imagenet_hf_simultaneous_seed2_256_t500_lpips_inception_2026-07-08,quality,103,val,5000,restricted,16,8,simultaneous_predictor
,,train_tiny_imagenet_k8_channelmask_5k_cuda,tiny_imagenet_200,8,,4.398683907269603,,0.20258108526468277,12.954610979278602,500,256,64,,,5.692477969999921,,False,0.27003037308653194,2,tiny_conv,True,"[1, 2, 4, 8]",11.895864571446452,quality_tiny_channelmask_256_t500_2026-07-08,quality,139,val,5000,restricted,16,8,channel_mask
,,train_tiny_imagenet_k8_epsilononly_p150eval_20k_cuda,tiny_imagenet_200,8,344.1619466114806,0.8354637034226997,0.547932431101799,0.12718003243207932,14.976410599312619,500,256,64,True,382.99050641924396,5.246194575142623,0.9283508273462454,True,8.189963210374117,2,tiny_conv,True,"[1, 2, 4, 8]",-0.6955719762622218,quality_tiny_epsilononly_20k_256_t500_lpips_inception_2026-07-08,quality,139,val,20000,restricted,16,8,epsilon_only
,,train_tiny_imagenet_k8_epsilononly_p150eval_20k_seed2_cuda,tiny_imagenet_200,8,361.2747467786626,0.6664669249822331,0.5702542159706354,0.12540308781899512,15.037517610035962,500,1024,64,True,369.7992707363582,5.43335784137761,0.9390573604032397,True,7.957743939671976,2,tiny_conv,True,"[1, 2, 4, 8]",-0.6000270146888956,quality_tiny_epsilononly_20k_seed2_1024_t500_lpips_inception_2026-07-08,quality,103,val,20000,restricted,16,8,epsilon_only
0.4360911548137665,0.1503584444318499,train_tiny_imagenet_k8_epsilononly_p150eval_20k_seed2_cuda,tiny_imagenet_200,8,,0.6230955791495164,,0.1265654289960861,14.997448958090526,500,10000,64,False,,5.366479874751939,,False,7.955220888149737,2,tiny_conv,True,"[1, 2, 4, 8]",-0.6055131769773178,quality_tiny_epsilononly_20k_seed2_fullval_t500_2026-07-08,quality,103,val,20000,restricted,16,8,epsilon_only
,,train_tiny_imagenet_k8_epsilononly_p150eval_5k_cuda,tiny_imagenet_200,8,,1.1640757792201208,,0.14607827365398407,14.374743635787215,500,256,64,,,5.315526651101408,,False,8.361989942689737,2,tiny_conv,True,"[1, 2, 4, 8]",-0.8792538640735726,quality_tiny_epsilononly_256_t500_2026-07-08,quality,139,val,5000,restricted,16,8,epsilon_only
,,train_tiny_imagenet_k8_epsilononly_p150eval_5k_cuda,tiny_imagenet_200,8,346.72604585694694,1.1640757792244858,,0.14607827365398407,14.374743635787215,500,256,64,True,383.4439336361905,5.315526651102123,,False,8.361989942689737,2,tiny_conv,True,"[1, 2, 4, 8]",-0.8792538640735726,quality_tiny_epsilononly_256_t500_inception_2026-07-08,quality,139,val,5000,restricted,16,8,epsilon_only
,,train_tiny_imagenet_k8_epsilononly_p150eval_5k_cuda,tiny_imagenet_200,8,346.72604585694694,1.1640757792244858,0.5688748732209206,0.14607827365398407,14.374743635787215,500,256,64,True,383.4439336361905,5.315526651102123,0.9264446360369524,True,8.361989942689737,2,tiny_conv,True,"[1, 2, 4, 8]",-0.8792538640735726,quality_tiny_epsilononly_256_t500_lpips_inception_2026-07-08,quality,139,val,5000,restricted,16,8,epsilon_only
,,train_tiny_imagenet_k8_denoisepath_p150_light_20k_cuda,tiny_imagenet_200,8,346.08296158257315,0.9674120694056889,0.5504850894212723,0.13048716075718403,14.864922098193546,500,256,64,True,384.5499133057606,5.192594111836183,0.9241786375641823,True,6.6038557616993785,2,tiny_conv,True,"[1, 2, 4, 8]",0.20313344887330262,quality_tiny_k8_light_20k_256_t500_lpips_inception_2026-07-08,quality,139,val,20000,restricted,16,8,light_denoise_path
,,train_tiny_imagenet_k8_denoisepath_p150_light_20k_seed2_cuda,tiny_imagenet_200,8,384.7222287488572,0.7836724336917666,0.584263401106,0.13061638036742806,14.860623468766871,500,1024,64,True,374.4284990758494,5.026268696682066,0.9255701260020336,True,6.587015780077006,2,tiny_conv,True,"[1, 2, 4, 8]",0.2005221417398193,quality_tiny_k8_light_20k_seed2_1024_t500_lpips_inception_2026-07-08,quality,103,val,20000,restricted,16,8,light_denoise_path
0.9644744992256165,0.8684084023611887,train_tiny_imagenet_k8_denoisepath_p150_light_20k_seed2_cuda,tiny_imagenet_200,8,,0.7360110326797804,,0.13172113585472106,14.824045242735863,500,10000,64,False,,4.946370074509588,,False,6.584363319039345,2,tiny_conv,True,"[1, 2, 4, 8]",0.19604748694056617,quality_tiny_k8_light_20k_seed2_fullval_t500_2026-07-08,quality,103,val,20000,restricted,16,8,light_denoise_path
0.8493800163269043,0.7223122886248997,train_tiny_imagenet_k8_denoisepath_p150_light_5k_cuda,tiny_imagenet_200,8,,1.1860510265100865,,0.14871828258037567,14.296956298288634,500,256,64,False,,5.257617365663472,,False,6.728809205194314,2,tiny_conv,True,"[1, 2, 4, 8]",0.028644880521620248,quality_tiny_k8_light_256_t500_2026-07-08,quality,139,val,5000,restricted,16,8,light_denoise_path
,,train_tiny_imagenet_k8_denoisepath_p150_light_5k_cuda,tiny_imagenet_200,8,343.6018997733511,1.186051026463265,,0.14871828258037567,14.296956298288634,500,256,64,True,384.5623707362145,5.25761736565373,,False,6.728809205194314,2,tiny_conv,True,"[1, 2, 4, 8]",0.028644880521620248,quality_tiny_k8_light_256_t500_inception_2026-07-08,quality,139,val,5000,restricted,16,8,light_denoise_path
,,train_tiny_imagenet_k8_denoisepath_p150_light_5k_cuda,tiny_imagenet_200,8,343.6018997733511,1.186051026463265,0.5651519522070885,0.14871828258037567,14.296956298288634,500,256,64,True,384.5623707362145,5.25761736565373,0.9251606265703837,True,6.728809205194314,2,tiny_conv,True,"[1, 2, 4, 8]",0.028644880521620248,quality_tiny_k8_light_256_t500_lpips_inception_2026-07-08,quality,139,val,5000,restricted,16,8,light_denoise_path
0.8613921403884888,0.6966809460094997,train_tiny_imagenet_k8_denoisepath_p150_light_5k_seed2_cuda,tiny_imagenet_200,8,,1.0831315595460067,,0.15034622699022293,14.249674575803976,500,256,64,False,,5.243868146429924,,False,6.7425143631796045,2,tiny_conv,True,"[1, 2, 4, 8]",-0.007607848575869862,quality_tiny_k8_light_5k_seed2_256_t500_2026-07-08,quality,103,val,5000,restricted,16,8,light_denoise_path
,,train_tiny_imagenet_k8_denoisepath_p150_light_cleanmono_10k_cuda,tiny_imagenet_200,8,353.30661368674305,0.8550537402437536,0.5686544422060251,0.13460970227606595,14.729836276279684,500,1024,64,True,369.86791671494484,5.1776826680180905,0.9251877482359608,True,6.735984196770005,2,tiny_conv,True,"[1, 2, 4, 8]",0.11968802052795861,quality_tiny_k8_light_cleanmono_10k_1024_t500_lpips_inception_2026-07-08,quality,163,val,10000,restricted,16,8,clean_monotonic_ablation
0.8368000388145447,0.6889802983828953,train_tiny_imagenet_k8_denoisepath_p150_light_decorw0003_sched3000w1500_5k_cuda,tiny_imagenet_200,8,,1.1843151370034009,,0.14856731332838535,14.301367216248664,500,256,64,False,,5.270710114818562,,False,6.783633628549675,2,tiny_conv,True,"[1, 2, 4, 8]",-0.00036436996443208375,quality_tiny_k8_light_decorw0003_sched3000w1500_5k_256_t500_2026-07-08,quality,139,val,5000,restricted,16,8,component_decorrelation_ablation
0.8515139818191528,0.6643594758851188,train_tiny_imagenet_k8_denoisepath_p150_light_decorw0003_sched3000w1500_5k_seed2_cuda,tiny_imagenet_200,8,,1.0878558825353823,,0.15013026259839535,14.25591747087622,500,256,64,False,,5.263360647048266,,False,6.784789660014212,2,tiny_conv,True,"[1, 2, 4, 8]",-0.029874054970556212,quality_tiny_k8_light_decorw0003_sched3000w1500_5k_seed2_256_t500_2026-07-08,quality,103,val,5000,restricted,16,8,component_decorrelation_ablation
0.8091151118278503,0.5904444966997419,train_tiny_imagenet_k8_denoisepath_p150_light_decorw0005_5k_cuda,tiny_imagenet_200,8,,1.1711288740843393,,0.1480795294046402,14.315649657647242,500,256,64,False,,5.353079505238512,,False,7.09830675770839,2,tiny_conv,True,"[1, 2, 4, 8]",-0.15610124538639583,quality_tiny_k8_light_decorw0005_5k_256_t500_2026-07-08,quality,139,val,5000,restricted,16,8,component_decorrelation_ablation
0.823351263999939,0.6207762360572815,train_tiny_imagenet_k8_denoisepath_p150_light_decorw0005_sched2500w1500_5k_cuda,tiny_imagenet_200,8,,1.1659146791592288,,0.14803966507315636,14.316818974572023,500,256,64,False,,5.278263546793946,,False,6.926573608691494,2,tiny_conv,True,"[1, 2, 4, 8]",-0.07243809496170457,quality_tiny_k8_light_decorw0005_sched2500w1500_5k_256_t500_2026-07-08,quality,139,val,5000,restricted,16,8,component_decorrelation_ablation
,,train_tiny_imagenet_k8_denoisepath_p150_light_multiscale_10k_cuda,tiny_imagenet_200,8,226.00635931364764,0.23943030376040347,0.5059545962139964,0.10890254215337336,15.6502197355294,500,1024,64,True,349.8877537380983,4.997017993939222,0.909588443270574,True,6.651335914658072,2,multiscale_unet,True,"[1, 2, 4, 8]",0.3041891851304914,quality_tiny_k8_light_multiscale_10k_1024_t500_lpips_inception_2026-07-08,quality,151,val,10000,restricted,16,8,light_denoise_path
,,train_tiny_imagenet_k8_denoisepath_p150_light_nopathprefix_10k_cuda,tiny_imagenet_200,8,318.79773477703816,0.8202076202662951,0.5567605961114168,0.13483772706240416,14.722485682486472,500,1024,64,True,364.0670209485179,5.225707991883358,0.9284660443663597,True,7.012351112285008,2,tiny_conv,True,"[1, 2, 4, 8]",-0.06593864555481736,quality_tiny_k8_light_nopathprefix_10k_1024_t500_lpips_inception_2026-07-08,quality,157,val,10000,restricted,16,8,no_prefix_loss_ablation
