active_tail_tokens,checkpoint,clean_auc,config_name,dataset,effective_tokens,elapsed_seconds,final_clean_mse,final_component_decorrelation_effective_weight,final_component_decorrelation_loss,final_epsilon_loss,final_total_loss,image_size,late_half_ratio,path_auc,predictor_multiscale_levels,predictor_type,predictor_use_feedback,random_token_ratio,report_dir,report_type,seed,shuffled_final_ratio,steps,synthesis_mode,token_channels,token_count,variant,zero_token_ratio
7,/root/autodl-tmp/CoFiTok/checkpoints/imagenet_1k_64x64_hf_k8_denoisepath_p150_light_deepsk_5k_cuda/checkpoint_final.pt,4.650959840310471,train_imagenet_1k_64x64_hf_k8_denoisepath_p150_light_deepsk_5k_cuda,imagenet_1k_64x64_hf,6.7924642032548315,140.1163773536682,0.09771554917097092,,,0.029988637194037437,0.03268291801214218,64,0.7161148662134038,0.03658215781407697,2,tiny_conv,True,1.3904647827148438,imagenet_1k_64x64_hf_k8_denoisepath_p150_light_deepsk_5k_cuda,train,139,242.01253648545168,5000,deep_decoder,16,8,deep_synthesis_ablation,0.052168384194374084
,/root/autodl-tmp/CoFiTok/checkpoints/train_cifar10_k4_1k_2026-07-07/checkpoint_final.pt,,train_cifar10_k4_1k_cuda,cifar10,,8.368223428726196,0.3538690209388733,,,0.15951071679592133,6.587213516235352,32,,,2,tiny_conv,True,,train_cifar10_k4_1k_2026-07-07,train,23,,1000,restricted,16,4,prefix_monotonic,
1,/root/autodl-tmp/CoFiTok/checkpoints/train_cifar10_k4_channelmask_1k_2026-07-07/checkpoint_final.pt,,train_cifar10_k4_channelmask_1k_cuda,cifar10,,7.664395332336426,0.3870048224925995,,,0.1684008240699768,10.29058837890625,32,,,2,tiny_conv,True,,train_cifar10_k4_channelmask_1k_2026-07-07,train,23,,1000,restricted,16,4,channel_mask,
1,/root/autodl-tmp/CoFiTok/checkpoints/train_cifar10_k4_channelmask_3k_2026-07-07/checkpoint_final.pt,,train_cifar10_k4_channelmask_3k_cuda,cifar10,,21.68384337425232,0.2211540937423706,,,0.14009079337120056,1.9977524280548096,32,,,2,tiny_conv,True,,train_cifar10_k4_channelmask_3k_2026-07-07,train,23,,3000,restricted,16,4,channel_mask,
1,/root/autodl-tmp/CoFiTok/checkpoints/train_cifar10_k4_channelmask_soft_1k_2026-07-07/checkpoint_final.pt,,train_cifar10_k4_channelmask_soft_1k_cuda,cifar10,,7.716395616531372,0.36741113662719727,,,0.15962368249893188,8.616575241088867,32,,,2,tiny_conv,True,,train_cifar10_k4_channelmask_soft_1k_2026-07-07,train,23,,1000,restricted,16,4,channel_mask,
1,/root/autodl-tmp/CoFiTok/checkpoints/train_cifar10_k4_channelmask_soft_energy_1k_2026-07-07/checkpoint_final.pt,,train_cifar10_k4_channelmask_soft_energy_1k_cuda,cifar10,,8.400179862976074,0.381460040807724,,,0.1621452271938324,9.128273010253906,32,,,2,tiny_conv,True,,train_cifar10_k4_channelmask_soft_energy_1k_2026-07-07,train,23,,1000,restricted,16,4,channel_mask,
2,/root/autodl-tmp/CoFiTok/checkpoints/train_cifar10_k4_energy_1k_2026-07-07/checkpoint_final.pt,,train_cifar10_k4_energy_1k_cuda,cifar10,,8.102245092391968,0.45867297053337097,,,0.15838471055030823,6.711935997009277,32,,,2,tiny_conv,True,,train_cifar10_k4_energy_1k_2026-07-07,train,23,,1000,restricted,16,4,prefix_monotonic,
2,/root/autodl-tmp/CoFiTok/checkpoints/train_cifar10_k4_multiscale_1k_2026-07-07/checkpoint_final.pt,,train_cifar10_k4_multiscale_1k_cuda,cifar10,,7.759653568267822,0.6902817487716675,,,0.17808584868907928,143.8207244873047,32,,,2,tiny_conv,True,,train_cifar10_k4_multiscale_1k_2026-07-07,train,23,,1000,restricted,16,4,prefix_monotonic,
2,/root/autodl-tmp/CoFiTok/checkpoints/train_cifar10_k4_multiscale_soft_1k_2026-07-07/checkpoint_final.pt,,train_cifar10_k4_multiscale_soft_1k_cuda,cifar10,,7.718410968780518,0.5662853717803955,,,0.1677769273519516,71.07404327392578,32,,,2,tiny_conv,True,,train_cifar10_k4_multiscale_soft_1k_2026-07-07,train,23,,1000,restricted,16,4,prefix_monotonic,
1,/root/autodl-tmp/CoFiTok/checkpoints/train_cifar10_k4_prefixsample_1k_2026-07-07/checkpoint_final.pt,,train_cifar10_k4_prefixsample_1k_cuda,cifar10,,7.9234044551849365,0.3728486895561218,,,0.13474169373512268,17.880434036254883,32,,,2,tiny_conv,True,,train_cifar10_k4_prefixsample_1k_2026-07-07,train,23,,1000,restricted,16,4,prefix_monotonic,
1,/root/autodl-tmp/CoFiTok/checkpoints/train_cifar10_k4_residual_1k_2026-07-07/checkpoint_final.pt,,train_cifar10_k4_residual_1k_cuda,cifar10,,8.284615516662598,0.35717806220054626,,,0.15920665860176086,6.593103408813477,32,,,2,tiny_conv,True,,train_cifar10_k4_residual_1k_2026-07-07,train,23,,1000,restricted,16,4,prefix_monotonic,
,/root/autodl-tmp/CoFiTok/checkpoints/train_cifar10_k4_smoke_2026-07-07/checkpoint_final.pt,,train_cifar10_k4_smoke_cuda,cifar10,,1.7293524742126465,1.225562572479248,,,0.28269433975219727,76.75001525878906,32,,,2,tiny_conv,True,,train_cifar10_k4_smoke_2026-07-07,train,23,,100,restricted,16,4,prefix_monotonic,
1,/root/autodl-tmp/CoFiTok/checkpoints/train_cifar10_k4_tailfloor_1k_2026-07-07/checkpoint_final.pt,,train_cifar10_k4_tailfloor_1k_cuda,cifar10,,8.313453435897827,0.37066715955734253,,,0.15994761884212494,7.262259006500244,32,,,2,tiny_conv,True,,train_cifar10_k4_tailfloor_1k_2026-07-07,train,23,,1000,restricted,16,4,prefix_monotonic,
1,/root/autodl-tmp/CoFiTok/checkpoints/train_cifar10_k8_channelmask_3k_2026-07-07/checkpoint_final.pt,,train_cifar10_k8_channelmask_3k_cuda,cifar10,,35.50922417640686,0.19598343968391418,,,0.1448691189289093,1.0490474700927734,32,,,2,tiny_conv,True,,train_cifar10_k8_channelmask_3k_2026-07-07,train,23,,3000,restricted,16,8,channel_mask,
1,/root/autodl-tmp/CoFiTok/checkpoints/train_cifar10_k8_channelmask_p150eval_3k_2026-07-08/checkpoint_final.pt,0.22792492806911469,train_cifar10_k8_channelmask_p150eval_3k_cuda,cifar10,1.0863523549652676,36.27552008628845,0.2016076147556305,,,0.10694365203380585,1.5152257680892944,32,0.0003345203798033733,4.958648726344109,2,tiny_conv,True,0.6405936479568481,train_cifar10_k8_channelmask_p150eval_3k_2026-07-08,train,137,118.91375702179612,3000,restricted,16,8,channel_mask,0.0
1,/root/autodl-tmp/CoFiTok/checkpoints/train_cifar10_k8_channelmask_p150eval_3k_seed2_2026-07-08/checkpoint_final.pt,0.2587032360689981,train_cifar10_k8_channelmask_p150eval_3k_seed2_cuda,cifar10,1.0962579098594605,34.03014087677002,0.22023656964302063,,,0.07048405706882477,2.4671401977539062,32,0.000558405079720012,5.019766877804484,2,tiny_conv,True,0.5638591051101685,train_cifar10_k8_channelmask_p150eval_3k_seed2_2026-07-08,train,149,111.93867749187304,3000,restricted,16,8,channel_mask,0.0
7,/root/autodl-tmp/CoFiTok/checkpoints/train_cifar10_k8_denoisepath_3k_2026-07-08/checkpoint_final.pt,,train_cifar10_k8_denoisepath_3k_cuda,cifar10,,39.59349727630615,0.17089049518108368,,,0.05302943289279938,0.09496051073074341,32,0.48253652783791556,,2,tiny_conv,True,,train_cifar10_k8_denoisepath_3k_2026-07-08,train,137,,3000,restricted,16,8,full_denoise_path,
7,/root/autodl-tmp/CoFiTok/checkpoints/train_cifar10_k8_denoisepath_3k_seed2_2026-07-08/checkpoint_final.pt,,train_cifar10_k8_denoisepath_3k_seed2_cuda,cifar10,,39.659119606018066,0.1616157591342926,,,0.030005905777215958,0.04410427808761597,32,0.4860841169634435,,2,tiny_conv,True,,train_cifar10_k8_denoisepath_3k_seed2_2026-07-08,train,149,,3000,restricted,16,8,full_denoise_path,
7,/root/autodl-tmp/CoFiTok/checkpoints/train_cifar10_k8_denoisepath_p150_3k_2026-07-08/checkpoint_final.pt,,train_cifar10_k8_denoisepath_p150_3k_cuda,cifar10,,40.392836809158325,0.16641616821289062,,,0.05182879418134689,0.08202606439590454,32,0.7219338934926531,,2,tiny_conv,True,,train_cifar10_k8_denoisepath_p150_3k_2026-07-08,train,137,,3000,restricted,16,8,full_denoise_path,
7,/root/autodl-tmp/CoFiTok/checkpoints/train_cifar10_k8_denoisepath_p150_3k_seed2_2026-07-08/checkpoint_final.pt,,train_cifar10_k8_denoisepath_p150_3k_seed2_cuda,cifar10,,38.653589725494385,0.15741977095603943,,,0.0298982635140419,0.04110611602663994,32,0.7251655232785813,,2,tiny_conv,True,,train_cifar10_k8_denoisepath_p150_3k_seed2_2026-07-08,train,149,,3000,restricted,16,8,full_denoise_path,
7,/root/autodl-tmp/CoFiTok/checkpoints/train_cifar10_k8_denoisepath_p150_light_3k_2026-07-08/checkpoint_final.pt,4.704517333635262,train_cifar10_k8_denoisepath_p150_light_3k_cuda,cifar10,6.833542373674864,39.08198308944702,0.15795044600963593,,,0.04950535297393799,0.061871495097875595,32,0.7174600724137477,0.10032521281391382,2,tiny_conv,True,5.9029364585876465,train_cifar10_k8_denoisepath_p150_light_3k_2026-07-08,train,137,144.4851936461515,3000,restricted,16,8,light_denoise_path,0.0
7,/root/autodl-tmp/CoFiTok/checkpoints/train_cifar10_k8_denoisepath_p150_light_3k_seed2_2026-07-08/checkpoint_final.pt,4.793554542320115,train_cifar10_k8_denoisepath_p150_light_3k_seed2_cuda,cifar10,6.847324330404836,41.58069133758545,0.14878258109092712,,,0.028070783242583275,0.03268705680966377,32,0.7254445644521715,0.09602397015052182,2,tiny_conv,True,5.815775394439697,train_cifar10_k8_denoisepath_p150_light_3k_seed2_2026-07-08,train,149,158.33076558670678,3000,restricted,16,8,light_denoise_path,0.0
6,/root/autodl-tmp/CoFiTok/checkpoints/train_cifar10_k8_denoisepath_p150_light_decor_3k_2026-07-08/checkpoint_final.pt,5.501738375851086,train_cifar10_k8_denoisepath_p150_light_decor_3k_cuda,cifar10,5.988543353834252,52.9282591342926,0.15439531207084656,,0.20445653796195984,0.04921340197324753,0.07912500947713852,32,0.7114975264521388,0.2429318997476782,2,tiny_conv,True,3.022799253463745,train_cifar10_k8_denoisepath_p150_light_decor_3k_2026-07-08,train,137,148.49631870305004,3000,restricted,16,8,component_decorrelation_ablation,0.0
7,/root/autodl-tmp/CoFiTok/checkpoints/train_cifar10_k8_denoisepath_p150_light_decorw0005_3k_2026-07-08/checkpoint_final.pt,4.872911688472543,train_cifar10_k8_denoisepath_p150_light_decorw0005_3k_cuda,cifar10,6.881000966943914,49.20137667655945,0.15763910114765167,,0.4948486089706421,0.04947463423013687,0.06501389294862747,32,0.7031399795945548,0.11481736839881965,2,tiny_conv,True,5.247127532958984,train_cifar10_k8_denoisepath_p150_light_decorw0005_3k_2026-07-08,train,137,144.70511290265102,3000,restricted,16,8,component_decorrelation_ablation,0.0
7,/root/autodl-tmp/CoFiTok/checkpoints/train_cifar10_k8_denoisepath_p150_light_decorw0005_sched1500w1000_3k_2026-07-08/checkpoint_final.pt,4.795213695083346,train_cifar10_k8_denoisepath_p150_light_decorw0005_sched1500w1000_3k_cuda,cifar10,6.949469467382634,44.864590883255005,0.15786749124526978,0.005,0.5215532183647156,0.04941552132368088,0.06482555717229843,32,0.7061079988045,0.10863731801509857,2,tiny_conv,True,5.496904373168945,train_cifar10_k8_denoisepath_p150_light_decorw0005_sched1500w1000_3k_2026-07-08,train,137,144.7771901666442,3000,restricted,16,8,component_decorrelation_ablation,0.0
7,/root/autodl-tmp/CoFiTok/checkpoints/train_cifar10_k8_denoisepath_p150_light_decorw001_3k_2026-07-08/checkpoint_final.pt,5.017047709652355,train_cifar10_k8_denoisepath_p150_light_decorw001_3k_cuda,cifar10,6.775551424835762,49.420571088790894,0.1563389003276825,,0.41779568791389465,0.049420274794101715,0.06741800159215927,32,0.6956539546160527,0.1321538080062185,2,tiny_conv,True,4.710412502288818,train_cifar10_k8_denoisepath_p150_light_decorw001_3k_2026-07-08,train,137,146.46815442949998,3000,restricted,16,8,component_decorrelation_ablation,0.0
3,/root/autodl-tmp/CoFiTok/checkpoints/train_cifar10_k8_epsilonband_3k_2026-07-08/checkpoint_final.pt,,train_cifar10_k8_epsilonband_3k_cuda,cifar10,,37.23449110984802,0.15916743874549866,,,0.04909403249621391,0.08216696977615356,32,0.9987503364454908,,2,tiny_conv,True,,train_cifar10_k8_epsilonband_3k_2026-07-08,train,137,,3000,restricted,16,8,epsilon_band,
1,/root/autodl-tmp/CoFiTok/checkpoints/train_cifar10_k8_epsilonband_hybrid_3k_2026-07-08/checkpoint_final.pt,,train_cifar10_k8_epsilonband_hybrid_3k_cuda,cifar10,,38.02777934074402,0.3535870909690857,,,0.07342361658811569,0.6484419703483582,32,0.7146118934798475,,2,tiny_conv,True,,train_cifar10_k8_epsilonband_hybrid_3k_2026-07-08,train,137,,3000,restricted,16,8,epsilon_band,
7,/root/autodl-tmp/CoFiTok/checkpoints/train_cifar10_k8_epsilononly_p150eval_3k_2026-07-08/checkpoint_final.pt,6.512262257082122,train_cifar10_k8_epsilononly_p150eval_3k_cuda,cifar10,5.239594120065179,33.61881470680237,0.1565692126750946,,,0.047751761972904205,0.047751761972904205,32,0.8527962829404001,0.8030387711312089,2,tiny_conv,True,1.3841817378997803,train_cifar10_k8_epsilononly_p150eval_3k_2026-07-08,train,137,147.98403910772652,3000,restricted,16,8,epsilon_only,0.0
6,/root/autodl-tmp/CoFiTok/checkpoints/train_cifar10_k8_epsilononly_p150eval_3k_seed2_2026-07-08/checkpoint_final.pt,7.204399468643325,train_cifar10_k8_epsilononly_p150eval_3k_seed2_cuda,cifar10,5.159063349338261,37.355276584625244,0.1417386829853058,,,0.0274965800344944,0.0274965800344944,32,0.8829954925402494,1.3022162999425615,2,tiny_conv,True,1.0892466306686401,train_cifar10_k8_epsilononly_p150eval_3k_seed2_2026-07-08,train,149,166.39300784846637,3000,restricted,16,8,epsilon_only,0.0
1,/root/autodl-tmp/CoFiTok/checkpoints/train_cifar10_k8_groupres_3k_2026-07-07/checkpoint_final.pt,,train_cifar10_k8_groupres_3k_cuda,cifar10,,37.655129194259644,0.1895759552717209,,,0.13260212540626526,1.458282470703125,32,,,2,tiny_conv,True,,train_cifar10_k8_groupres_3k_2026-07-07,train,23,,3000,restricted,16,8,prefix_monotonic,
1,/root/autodl-tmp/CoFiTok/checkpoints/train_cifar10_k8_tailstage_2k_2026-07-07/checkpoint_final.pt,,train_cifar10_k8_tailstage_2k_cuda,cifar10,,8.801705598831177,0.2237413227558136,,,0.1514025628566742,,32,0.013360466578902434,,2,tiny_conv,True,,train_cifar10_k8_tailstage_2k_2026-07-07,train,29,,2000,restricted,16,8,prefix_monotonic,
1,/root/autodl-tmp/CoFiTok/checkpoints/train_cifar10_k8_tailstage_anneal_guard_1200_2026-07-07/checkpoint_final.pt,,train_cifar10_k8_tailstage_anneal_guard_1200_cuda,cifar10,,9.48937439918518,0.19014975428581238,,,0.08867114782333374,0.4001782238483429,32,0.0021661909959159718,,2,tiny_conv,True,,train_cifar10_k8_tailstage_anneal_guard_1200_2026-07-07,train,31,,1200,restricted,16,8,prefix_monotonic,
1,/root/autodl-tmp/CoFiTok/checkpoints/train_cifar10_k8_tailstage_earlydrop_guard_2k_2026-07-07/checkpoint_final.pt,,train_cifar10_k8_tailstage_earlydrop_guard_2k_cuda,cifar10,,20.89077615737915,0.20231026411056519,,,0.09115280210971832,0.3549644351005554,32,0.0026747536756934246,,2,tiny_conv,True,,train_cifar10_k8_tailstage_earlydrop_guard_2k_2026-07-07,train,37,,2000,restricted,16,8,prefix_monotonic,
1,/root/autodl-tmp/CoFiTok/checkpoints/train_cifar10_k8_tailstage_guard_2k_2026-07-07/checkpoint_final.pt,,train_cifar10_k8_tailstage_guard_2k_cuda,cifar10,,14.88387393951416,0.20666846632957458,,,0.17268840968608856,0.9493680000305176,32,0.0021273036730934804,,2,tiny_conv,True,,train_cifar10_k8_tailstage_guard_2k_2026-07-07,train,29,,2000,restricted,16,8,prefix_monotonic,
1,/root/autodl-tmp/CoFiTok/checkpoints/train_cifar10_k8_tailstage_replay_endpoint_1200_2026-07-07/checkpoint_final.pt,,train_cifar10_k8_tailstage_replay_endpoint_1200_cuda,cifar10,,8.474037885665894,0.2074981927871704,,,0.1257675141096115,0.243696391582489,32,0.006307731716887017,,2,tiny_conv,True,,train_cifar10_k8_tailstage_replay_endpoint_1200_2026-07-07,train,53,,1200,restricted,16,8,other,
1,/root/autodl-tmp/CoFiTok/checkpoints/train_cifar10_k8_tailstage_replay_guard_1200_2026-07-07/checkpoint_final.pt,,train_cifar10_k8_tailstage_replay_guard_1200_cuda,cifar10,,12.916747331619263,0.19088825583457947,,,0.09320090711116791,0.2546839714050293,32,0.002088737799660105,,2,tiny_conv,True,,train_cifar10_k8_tailstage_replay_guard_1200_2026-07-07,train,41,,1200,restricted,16,8,prefix_monotonic,
1,/root/autodl-tmp/CoFiTok/checkpoints/train_cifar10_k8_tailstage_replay_guard_strong_1200_2026-07-07/checkpoint_final.pt,,train_cifar10_k8_tailstage_replay_guard_strong_1200_cuda,cifar10,,11.736818790435791,0.19976195693016052,,,0.11214432120323181,0.3455469310283661,32,0.004857403125424221,,2,tiny_conv,True,,train_cifar10_k8_tailstage_replay_guard_strong_1200_2026-07-07,train,43,,1200,restricted,16,8,prefix_monotonic,
1,/root/autodl-tmp/CoFiTok/checkpoints/train_cifar10_k8_tailstage_replay_lateprefix_1200_2026-07-07/checkpoint_final.pt,,train_cifar10_k8_tailstage_replay_lateprefix_1200_cuda,cifar10,,8.844192266464233,0.19978897273540497,,,0.07121770083904266,0.1767904907464981,32,0.003705796501441317,,2,tiny_conv,True,,train_cifar10_k8_tailstage_replay_lateprefix_1200_2026-07-07,train,47,,1200,restricted,16,8,other,
1,/root/autodl-tmp/CoFiTok/checkpoints/train_cifar10_k8_tailstage_warm_800_2026-07-07/checkpoint_final.pt,,train_cifar10_k8_tailstage_warm_800_cuda,cifar10,,3.9753429889678955,0.22408729791641235,,,0.07677982747554779,0.07677982747554779,32,0.009696095520162611,,2,tiny_conv,True,,train_cifar10_k8_tailstage_warm_800_2026-07-07,train,29,,800,restricted,16,8,other,
15,/root/autodl-tmp/CoFiTok/checkpoints/train_imagenet_1k_64x64_hf_k16_denoisepath_p150_light_5k_2026-07-08/checkpoint_final.pt,5.103268833955129,train_imagenet_1k_64x64_hf_k16_denoisepath_p150_light_5k_cuda,imagenet_1k_64x64_hf,13.559517517602217,118.2145562171936,0.09918206930160522,,,0.027235187590122223,0.03122159093618393,64,0.7038690662712497,0.06735515960802635,2,tiny_conv,True,10.707046508789062,train_imagenet_1k_64x64_hf_k16_denoisepath_p150_light_5k_2026-07-08,train,139,241.38979891213876,5000,restricted,16,16,light_denoise_path,0.0
15,/root/autodl-tmp/CoFiTok/checkpoints/train_imagenet_1k_64x64_hf_k16_denoisepath_p150_light_5k_seed2_2026-07-08/checkpoint_final.pt,5.007589082916578,train_imagenet_1k_64x64_hf_k16_denoisepath_p150_light_5k_seed2_cuda,imagenet_1k_64x64_hf,13.780434849421775,116.84926080703735,0.10142430663108826,,,0.0570906326174736,0.07511445134878159,64,0.7175728262152149,0.06909913669029871,2,tiny_conv,True,11.038355827331543,train_imagenet_1k_64x64_hf_k16_denoisepath_p150_light_5k_seed2_2026-07-08,train,103,234.00287785004562,5000,restricted,16,16,light_denoise_path,0.0
3,/root/autodl-tmp/CoFiTok/checkpoints/train_imagenet_1k_64x64_hf_k4_denoisepath_p150_light_5k_2026-07-08/checkpoint_final.pt,3.7977407512565455,train_imagenet_1k_64x64_hf_k4_denoisepath_p150_light_5k_cuda,imagenet_1k_64x64_hf,3.3183726950335286,44.87448835372925,0.09878142923116684,,,0.0325780063867569,0.03780169412493706,64,0.7393512694350883,0.0664526962985595,2,tiny_conv,True,2.8848299980163574,train_imagenet_1k_64x64_hf_k4_denoisepath_p150_light_5k_2026-07-08,train,139,242.557074671945,5000,restricted,16,4,light_denoise_path,0.0
3,/root/autodl-tmp/CoFiTok/checkpoints/train_imagenet_1k_64x64_hf_k4_denoisepath_p150_light_5k_seed2_2026-07-08/checkpoint_final.pt,3.8302254614730677,train_imagenet_1k_64x64_hf_k4_denoisepath_p150_light_5k_seed2_cuda,imagenet_1k_64x64_hf,3.3232560183366693,44.50827240943909,0.09541889280080795,,,0.056338466703891754,0.06726571917533875,64,0.7535792432240014,0.05708568977812926,2,tiny_conv,True,3.0389108657836914,train_imagenet_1k_64x64_hf_k4_denoisepath_p150_light_5k_seed2_2026-07-08,train,103,244.96809292048422,5000,restricted,16,4,light_denoise_path,0.0
1,/root/autodl-tmp/CoFiTok/checkpoints/train_imagenet_1k_64x64_hf_k8_channelmask_p150eval_5k_2026-07-08/checkpoint_final.pt,0.15456984032477653,train_imagenet_1k_64x64_hf_k8_channelmask_p150eval_5k_cuda,imagenet_1k_64x64_hf,1.111378188409333,67.48881459236145,0.12301679700613022,,,0.05712878704071045,0.9374498724937439,64,0.00038158085345803945,4.8844171821006706,2,tiny_conv,True,0.5244185924530029,train_imagenet_1k_64x64_hf_k8_channelmask_p150eval_5k_2026-07-08,train,139,200.0628549330796,5000,restricted,16,8,channel_mask,0.0
7,/root/autodl-tmp/CoFiTok/checkpoints/train_imagenet_1k_64x64_hf_k8_denoisepath_p150_5k_2026-07-08/checkpoint_final.pt,4.645437557250261,train_imagenet_1k_64x64_hf_k8_denoisepath_p150_5k_cuda,imagenet_1k_64x64_hf,6.757910193271923,75.55423402786255,0.10735144466161728,,,0.03114253655076027,0.04220474511384964,64,0.7323157915532035,0.04168229430381741,2,tiny_conv,True,9.994930267333984,train_imagenet_1k_64x64_hf_k8_denoisepath_p150_5k_2026-07-08,train,139,219.69773633794628,5000,restricted,16,8,full_denoise_path,0.0
7,/root/autodl-tmp/CoFiTok/checkpoints/train_imagenet_1k_64x64_hf_k8_denoisepath_p150_light_20k_2026-07-08/checkpoint_final.pt,4.60511261384402,train_imagenet_1k_64x64_hf_k8_denoisepath_p150_light_20k_cuda,imagenet_1k_64x64_hf,6.757546505045174,312.44759225845337,0.08520045131444931,,,0.023119494318962097,0.025174373760819435,64,0.7302909874847542,0.030529778184635297,2,tiny_conv,True,12.067949295043945,train_imagenet_1k_64x64_hf_k8_denoisepath_p150_light_20k_2026-07-08,train,139,275.6537355762727,20000,restricted,16,8,light_denoise_path,0.0
7,/root/autodl-tmp/CoFiTok/checkpoints/train_imagenet_1k_64x64_hf_k8_denoisepath_p150_light_20k_seed2_cuda_2026-07-08/checkpoint_final.pt,4.538325700376715,train_imagenet_1k_64x64_hf_k8_denoisepath_p150_light_20k_seed2_cuda,imagenet_1k_64x64_hf,6.739192108887807,292.0786602497101,0.08698330819606781,,,0.10529941320419312,0.14190050959587097,64,0.7430353162642471,0.03608279515589986,2,tiny_conv,True,12.736912727355957,train_imagenet_1k_64x64_hf_k8_denoisepath_p150_light_20k_seed2_cuda_2026-07-08,train,103,271.68371680921706,20000,restricted,16,8,light_denoise_path,0.0
7,/root/autodl-tmp/CoFiTok/checkpoints/train_imagenet_1k_64x64_hf_k8_denoisepath_p150_light_5k_2026-07-08/checkpoint_final.pt,4.667319528758526,train_imagenet_1k_64x64_hf_k8_denoisepath_p150_light_5k_cuda,imagenet_1k_64x64_hf,6.787198254674521,80.90923142433167,0.10177125036716461,,,0.03005318157374859,0.03437133878469467,64,0.7321917487421951,0.062016284093260765,2,tiny_conv,True,7.387106895446777,train_imagenet_1k_64x64_hf_k8_denoisepath_p150_light_5k_2026-07-08,train,139,233.50004721986286,5000,restricted,16,8,light_denoise_path,0.0
7,/root/autodl-tmp/CoFiTok/checkpoints/train_imagenet_1k_64x64_hf_k8_denoisepath_p150_light_5k_seed2_2026-07-08/checkpoint_final.pt,4.710781543914761,train_imagenet_1k_64x64_hf_k8_denoisepath_p150_light_5k_seed2_cuda,imagenet_1k_64x64_hf,6.767741756514339,70.5051486492157,0.09632199257612228,,,0.04902033135294914,0.06195126473903656,64,0.7431062646682991,0.06412318748022829,2,tiny_conv,True,7.310522556304932,train_imagenet_1k_64x64_hf_k8_denoisepath_p150_light_5k_seed2_2026-07-08,train,103,244.25703878499263,5000,restricted,16,8,light_denoise_path,0.0
7,/root/autodl-tmp/CoFiTok/checkpoints/train_imagenet_1k_64x64_hf_k8_denoisepath_p150_light_cleanmono_10k_cuda_2026-07-08/checkpoint_final.pt,4.647590797926698,train_imagenet_1k_64x64_hf_k8_denoisepath_p150_light_cleanmono_10k_cuda,imagenet_1k_64x64_hf,6.702577548498475,146.67038536071777,0.09237216413021088,,,0.04259404167532921,0.05055477097630501,64,0.7193195021715204,0.03931305504270962,2,tiny_conv,True,9.133307456970215,train_imagenet_1k_64x64_hf_k8_denoisepath_p150_light_cleanmono_10k_cuda_2026-07-08,train,163,253.05221704629028,10000,restricted,16,8,clean_monotonic_ablation,0.0
7,/root/autodl-tmp/CoFiTok/checkpoints/train_imagenet_1k_64x64_hf_k8_denoisepath_p150_light_deepsk_5k_seed2_2026-07-08/checkpoint_final.pt,4.593049448515687,train_imagenet_1k_64x64_hf_k8_denoisepath_p150_light_deepsk_5k_seed2_cuda,imagenet_1k_64x64_hf,6.747716927836551,135.44885158538818,0.13269995152950287,,,0.05979574844241142,0.07048531621694565,64,0.734272924242727,0.04332395962306431,2,tiny_conv,True,1.3408124446868896,train_imagenet_1k_64x64_hf_k8_denoisepath_p150_light_deepsk_5k_seed2_2026-07-08,train,103,177.25289098915113,5000,deep_decoder,16,8,deep_synthesis_ablation,0.044966015964746475
7,/root/autodl-tmp/CoFiTok/checkpoints/train_imagenet_1k_64x64_hf_k8_denoisepath_p150_light_multiscale_10k_cuda_2026-07-08/checkpoint_final.pt,4.710729976317713,train_imagenet_1k_64x64_hf_k8_denoisepath_p150_light_multiscale_10k_cuda,imagenet_1k_64x64_hf,6.749266207407613,181.13267827033997,0.0775630846619606,,,0.05671899765729904,0.06237947940826416,64,0.7328486892736079,0.0364469145424664,2,multiscale_unet,True,11.347821235656738,train_imagenet_1k_64x64_hf_k8_denoisepath_p150_light_multiscale_10k_cuda_2026-07-08,train,151,300.03112328404995,10000,restricted,16,8,light_denoise_path,0.0
7,/root/autodl-tmp/CoFiTok/checkpoints/train_imagenet_1k_64x64_hf_k8_denoisepath_p150_light_multiscale_20k_2026-07-08/checkpoint_final.pt,4.520281639482294,train_imagenet_1k_64x64_hf_k8_denoisepath_p150_light_multiscale_20k_cuda,imagenet_1k_64x64_hf,6.72091066374684,334.11520862579346,0.06542016565799713,0.0,0.0,0.0233475212007761,0.025324098765850067,64,0.7353216920308014,0.025294098870030472,2,multiscale_unet,True,15.040172576904297,train_imagenet_1k_64x64_hf_k8_denoisepath_p150_light_multiscale_20k_2026-07-08,train,151,356.9996562856114,20000,restricted,16,8,light_denoise_path,0.0
7,/root/autodl-tmp/CoFiTok/checkpoints/train_imagenet_1k_64x64_hf_k8_denoisepath_p150_light_nopathprefix_10k_cuda_2026-07-08/checkpoint_final.pt,4.925990766712597,train_imagenet_1k_64x64_hf_k8_denoisepath_p150_light_nopathprefix_10k_cuda,imagenet_1k_64x64_hf,6.515997405808815,161.2217926979065,0.0913521945476532,,,0.049047183245420456,0.05495090037584305,64,0.763116214932921,0.059480584293071716,2,tiny_conv,True,8.82416820526123,train_imagenet_1k_64x64_hf_k8_denoisepath_p150_light_nopathprefix_10k_cuda_2026-07-08,train,157,259.50643058966074,10000,restricted,16,8,no_prefix_loss_ablation,0.0
7,/root/autodl-tmp/CoFiTok/checkpoints/train_imagenet_1k_64x64_hf_k8_denoisepath_p150_light_simultaneous_5k_2026-07-08/checkpoint_final.pt,4.612813870289496,train_imagenet_1k_64x64_hf_k8_denoisepath_p150_light_simultaneous_5k_cuda,imagenet_1k_64x64_hf,6.844516578653201,71.63381600379944,0.0995449647307396,,,0.03291022777557373,0.03741399943828583,64,0.7301200275651131,0.05997784901410341,2,tiny_conv,False,11.793625831604004,train_imagenet_1k_64x64_hf_k8_denoisepath_p150_light_simultaneous_5k_2026-07-08,train,139,237.36453908586668,5000,restricted,16,8,simultaneous_predictor,0.0
7,/root/autodl-tmp/CoFiTok/checkpoints/train_imagenet_1k_64x64_hf_k8_denoisepath_p150_light_simultaneous_5k_seed2_2026-07-08/checkpoint_final.pt,4.582086485411439,train_imagenet_1k_64x64_hf_k8_denoisepath_p150_light_simultaneous_5k_seed2_cuda,imagenet_1k_64x64_hf,6.800998911031761,72.24899506568909,0.10240457952022552,,,0.05944008380174637,0.07140403985977173,64,0.7253637750428726,0.0723053075905357,2,tiny_conv,False,10.62644100189209,train_imagenet_1k_64x64_hf_k8_denoisepath_p150_light_simultaneous_5k_seed2_2026-07-08,train,103,233.1101019970883,5000,restricted,16,8,simultaneous_predictor,0.0
6,/root/autodl-tmp/CoFiTok/checkpoints/train_imagenet_1k_64x64_hf_k8_epsilononly_p150eval_20k_2026-07-08/checkpoint_final.pt,6.866268543260438,train_imagenet_1k_64x64_hf_k8_epsilononly_p150eval_20k_cuda,imagenet_1k_64x64_hf,5.239925130694478,251.43290519714355,0.08416953682899475,,,0.02245481126010418,0.02245481126010418,64,0.8363871474295204,1.0745889680194003,2,tiny_conv,True,1.3323445320129395,train_imagenet_1k_64x64_hf_k8_epsilononly_p150eval_20k_2026-07-08,train,139,277.9825802218704,20000,restricted,16,8,epsilon_only,0.0
7,/root/autodl-tmp/CoFiTok/checkpoints/train_imagenet_1k_64x64_hf_k8_epsilononly_p150eval_20k_seed2_cuda_2026-07-08/checkpoint_final.pt,6.514660174825361,train_imagenet_1k_64x64_hf_k8_epsilononly_p150eval_20k_seed2_cuda,imagenet_1k_64x64_hf,5.099727477863428,277.3070170879364,0.08301954716444016,,,0.09837937355041504,0.09837937355041504,64,0.9073000642682689,0.9015883127493518,2,tiny_conv,True,1.582865595817566,train_imagenet_1k_64x64_hf_k8_epsilononly_p150eval_20k_seed2_cuda_2026-07-08,train,103,287.04735721474924,20000,restricted,16,8,epsilon_only,0.0
7,/root/autodl-tmp/CoFiTok/checkpoints/train_imagenet_1k_64x64_hf_k8_epsilononly_p150eval_5k_2026-07-08/checkpoint_final.pt,6.969107310154608,train_imagenet_1k_64x64_hf_k8_epsilononly_p150eval_5k_cuda,imagenet_1k_64x64_hf,5.339381323765394,64.69264268875122,0.09981759637594223,,,0.02925349771976471,0.02925349771976471,64,0.8438612150640048,1.1000014607395445,2,tiny_conv,True,1.1378294229507446,train_imagenet_1k_64x64_hf_k8_epsilononly_p150eval_5k_2026-07-08,train,139,237.97793031441952,5000,restricted,16,8,epsilon_only,0.0
7,/root/autodl-tmp/CoFiTok/checkpoints/train_imagenet_1k_64x64_hf_k8_epsilononly_p150eval_5k_seed2_2026-07-08/checkpoint_final.pt,6.571348183389221,train_imagenet_1k_64x64_hf_k8_epsilononly_p150eval_5k_seed2_cuda,imagenet_1k_64x64_hf,5.399607161235092,71.86515831947327,0.09403838962316513,,,0.04736199975013733,0.04736199975013733,64,0.880343224165733,0.8837306760251522,2,tiny_conv,True,1.582203984260559,train_imagenet_1k_64x64_hf_k8_epsilononly_p150eval_5k_seed2_2026-07-08,train,103,250.2437812454963,5000,restricted,16,8,epsilon_only,0.0
7,/root/autodl-tmp/CoFiTok/checkpoints/train_imagenet_1k_64x64_hf_k8_epsilononly_p150eval_multiscale_20k_2026-07-08/checkpoint_final.pt,5.940179858356714,train_imagenet_1k_64x64_hf_k8_epsilononly_p150eval_multiscale_20k_cuda,imagenet_1k_64x64_hf,6.034563637931359,296.50252079963684,0.06280111521482468,0.0,0.0,0.023194989189505577,0.023194989189505577,64,0.78672859690362,0.9146229034023625,2,multiscale_unet,True,1.381999135017395,train_imagenet_1k_64x64_hf_k8_epsilononly_p150eval_multiscale_20k_2026-07-08,train,151,373.7606201810103,20000,restricted,16,8,epsilon_only,0.0
1,/root/autodl-tmp/CoFiTok/checkpoints/train_tiny_imagenet_k8_channelmask_2k_2026-07-07/checkpoint_final.pt,,train_tiny_imagenet_k8_channelmask_2k_cuda,tiny_imagenet_200,,27.830778121948242,0.3007412552833557,,,0.14265164732933044,2.4900853633880615,64,0.0008725317533185515,,2,tiny_conv,True,,train_tiny_imagenet_k8_channelmask_2k_2026-07-07,train,73,,2000,restricted,16,8,channel_mask,
1,/root/autodl-tmp/CoFiTok/checkpoints/train_tiny_imagenet_k8_channelmask_2k_seed2_2026-07-07/checkpoint_final.pt,,train_tiny_imagenet_k8_channelmask_2k_seed2_cuda,tiny_imagenet_200,,26.549914121627808,0.37731778621673584,,,0.19634592533111572,5.329340934753418,64,0.0015208663195617964,,2,tiny_conv,True,,train_tiny_imagenet_k8_channelmask_2k_seed2_2026-07-07,train,103,,2000,restricted,16,8,channel_mask,
1,/root/autodl-tmp/CoFiTok/checkpoints/train_tiny_imagenet_k8_channelmask_3500_2026-07-07/checkpoint_final.pt,,train_tiny_imagenet_k8_channelmask_3500_cuda,tiny_imagenet_200,,48.16179084777832,0.271316796541214,,,0.14920978248119354,2.136871576309204,64,0.0005320743066630042,,2,tiny_conv,True,,train_tiny_imagenet_k8_channelmask_3500_2026-07-07,train,89,,3500,restricted,16,8,channel_mask,
1,/root/autodl-tmp/CoFiTok/checkpoints/train_tiny_imagenet_k8_channelmask_3500_seed2_2026-07-07/checkpoint_final.pt,,train_tiny_imagenet_k8_channelmask_3500_seed2_cuda,tiny_imagenet_200,,49.09653425216675,0.23466086387634277,,,0.15955030918121338,1.0976438522338867,64,0.0010318524678960988,,2,tiny_conv,True,,train_tiny_imagenet_k8_channelmask_3500_seed2_2026-07-07,train,113,,3500,restricted,16,8,channel_mask,
1,/root/autodl-tmp/CoFiTok/checkpoints/train_tiny_imagenet_k8_channelmask_5k_2026-07-08/checkpoint_final.pt,,train_tiny_imagenet_k8_channelmask_5k_cuda,tiny_imagenet_200,,64.36037635803223,0.25277769565582275,,,0.06549584865570068,0.8443303108215332,64,0.0005315238057100749,,2,tiny_conv,True,,train_tiny_imagenet_k8_channelmask_5k_2026-07-08,train,139,,5000,restricted,16,8,channel_mask,
1,/root/autodl-tmp/CoFiTok/checkpoints/train_tiny_imagenet_k8_channelmask_5k_seed2_2026-07-07/checkpoint_final.pt,,train_tiny_imagenet_k8_channelmask_5k_seed2_cuda,tiny_imagenet_200,,66.69301700592041,0.2641412615776062,,,0.12934726476669312,1.4327689409255981,64,0.0002618990438671109,,2,tiny_conv,True,,train_tiny_imagenet_k8_channelmask_5k_seed2_2026-07-07,train,103,,5000,restricted,16,8,channel_mask,
1,/root/autodl-tmp/CoFiTok/checkpoints/train_tiny_imagenet_k8_channelmask_6500_seed2_2026-07-07/checkpoint_final.pt,,train_tiny_imagenet_k8_channelmask_6500_seed2_cuda,tiny_imagenet_200,,92.48952651023865,0.23653022944927216,,,0.06051266938447952,1.2000486850738525,64,0.000710855032777846,,2,tiny_conv,True,,train_tiny_imagenet_k8_channelmask_6500_seed2_2026-07-07,train,113,,6500,restricted,16,8,channel_mask,
1,/root/autodl-tmp/CoFiTok/checkpoints/train_tiny_imagenet_k8_channelmask_p150eval_5k_seed2_2026-07-08/checkpoint_final.pt,0.3184830759252821,train_tiny_imagenet_k8_channelmask_p150eval_5k_seed2_cuda,tiny_imagenet_200,1.1640164914420992,64.11674356460571,0.2735663652420044,,,0.13022595643997192,1.5674291849136353,64,0.0002580993581729256,4.946076078074319,2,tiny_conv,True,,train_tiny_imagenet_k8_channelmask_p150eval_5k_seed2_2026-07-08,train,103,,5000,restricted,16,8,channel_mask,
1,/root/autodl-tmp/CoFiTok/checkpoints/train_tiny_imagenet_k8_channelmask_smoke_800_2026-07-07/checkpoint_final.pt,,train_tiny_imagenet_k8_channelmask_smoke_800_cuda,tiny_imagenet_200,,11.278822183609009,0.4309559762477875,,,0.21489547193050385,12.863274574279785,64,0.0040612592457916425,,2,tiny_conv,True,,train_tiny_imagenet_k8_channelmask_smoke_800_2026-07-07,train,61,,800,restricted,16,8,channel_mask,
7,/root/autodl-tmp/CoFiTok/checkpoints/train_tiny_imagenet_k8_denoisepath_2k_2026-07-08/checkpoint_final.pt,,train_tiny_imagenet_k8_denoisepath_2k_cuda,tiny_imagenet_200,,29.018634796142578,0.22633413970470428,,,0.053716354072093964,0.07709251344203949,64,0.493791728201799,,2,tiny_conv,True,,train_tiny_imagenet_k8_denoisepath_2k_2026-07-08,train,139,,2000,restricted,16,8,full_denoise_path,
7,/root/autodl-tmp/CoFiTok/checkpoints/train_tiny_imagenet_k8_denoisepath_2k_seed2_2026-07-08/checkpoint_final.pt,,train_tiny_imagenet_k8_denoisepath_2k_seed2_cuda,tiny_imagenet_200,,30.86115264892578,0.2164946049451828,,,0.054235052317380905,0.08373342454433441,64,0.49388756703686476,,2,tiny_conv,True,,train_tiny_imagenet_k8_denoisepath_2k_seed2_2026-07-08,train,151,,2000,restricted,16,8,full_denoise_path,
7,/root/autodl-tmp/CoFiTok/checkpoints/train_tiny_imagenet_k8_denoisepath_p075_2k_2026-07-08/checkpoint_final.pt,,train_tiny_imagenet_k8_denoisepath_p075_2k_cuda,tiny_imagenet_200,,28.897180557250977,0.24276944994926453,,,0.05456323176622391,0.08209119737148285,64,0.3264238715473654,,2,tiny_conv,True,,train_tiny_imagenet_k8_denoisepath_p075_2k_2026-07-08,train,139,,2000,restricted,16,8,full_denoise_path,
7,/root/autodl-tmp/CoFiTok/checkpoints/train_tiny_imagenet_k8_denoisepath_p150_2k_2026-07-08/checkpoint_final.pt,,train_tiny_imagenet_k8_denoisepath_p150_2k_cuda,tiny_imagenet_200,,28.391995191574097,0.21622315049171448,,,0.053048573434352875,0.07095528393983841,64,0.727506403732775,,2,tiny_conv,True,,train_tiny_imagenet_k8_denoisepath_p150_2k_2026-07-08,train,139,,2000,restricted,16,8,full_denoise_path,
7,/root/autodl-tmp/CoFiTok/checkpoints/train_tiny_imagenet_k8_denoisepath_p150_2k_seed2_2026-07-08/checkpoint_final.pt,,train_tiny_imagenet_k8_denoisepath_p150_2k_seed2_cuda,tiny_imagenet_200,,27.875342845916748,0.2096174955368042,,,0.052005600184202194,0.07370129227638245,64,0.7262102669672653,,2,tiny_conv,True,,train_tiny_imagenet_k8_denoisepath_p150_2k_seed2_2026-07-08,train,151,,2000,restricted,16,8,full_denoise_path,
7,/root/autodl-tmp/CoFiTok/checkpoints/train_tiny_imagenet_k8_denoisepath_p150_5k_2026-07-08/checkpoint_final.pt,,train_tiny_imagenet_k8_denoisepath_p150_5k_cuda,tiny_imagenet_200,,71.51737070083618,0.17232707142829895,,,0.0416225828230381,0.05389925092458725,64,0.7295481060539719,,2,tiny_conv,True,,train_tiny_imagenet_k8_denoisepath_p150_5k_2026-07-08,train,139,,5000,restricted,16,8,full_denoise_path,
7,/root/autodl-tmp/CoFiTok/checkpoints/train_tiny_imagenet_k8_denoisepath_p150_5k_seed2_2026-07-08/checkpoint_final.pt,4.596797047981194,train_tiny_imagenet_k8_denoisepath_p150_5k_seed2_cuda,tiny_imagenet_200,6.7984400258937425,69.07833504676819,0.17810498178005219,,,0.07229375839233398,0.12194546312093735,64,0.7352903554230192,0.055839178817612786,2,tiny_conv,True,,train_tiny_imagenet_k8_denoisepath_p150_5k_seed2_2026-07-08,train,103,,5000,restricted,16,8,full_denoise_path,
7,/root/autodl-tmp/CoFiTok/checkpoints/train_tiny_imagenet_k8_denoisepath_p150_light_20k_2026-07-08/checkpoint_final.pt,4.591788060963154,train_tiny_imagenet_k8_denoisepath_p150_light_20k_cuda,tiny_imagenet_200,6.780091261103634,308.611572265625,0.142678365111351,,,0.03370547667145729,0.03667645901441574,64,0.731278425537383,0.03879537293687463,2,tiny_conv,True,13.229790687561035,train_tiny_imagenet_k8_denoisepath_p150_light_20k_2026-07-08,train,139,165.26388067738606,20000,restricted,16,8,light_denoise_path,0.0
7,/root/autodl-tmp/CoFiTok/checkpoints/train_tiny_imagenet_k8_denoisepath_p150_light_20k_seed2_cuda_2026-07-08/checkpoint_final.pt,4.5220857209392955,train_tiny_imagenet_k8_denoisepath_p150_light_20k_seed2_cuda,tiny_imagenet_200,6.762166250857302,298.3224320411682,0.1457257717847824,,,0.10210500657558441,0.13529084622859955,64,0.7440343965970516,0.04012529365718365,2,tiny_conv,True,13.498927116394043,train_tiny_imagenet_k8_denoisepath_p150_light_20k_seed2_cuda_2026-07-08,train,103,163.83662994321483,20000,restricted,16,8,light_denoise_path,0.0
7,/root/autodl-tmp/CoFiTok/checkpoints/train_tiny_imagenet_k8_denoisepath_p150_light_5k_2026-07-08/checkpoint_final.pt,4.693736986390182,train_tiny_imagenet_k8_denoisepath_p150_light_5k_cuda,tiny_imagenet_200,6.804285433205951,69.19109773635864,0.1663869470357895,,,0.040600232779979706,0.04529618099331856,64,0.726713296747319,0.07594848118190255,2,tiny_conv,True,8.09826374053955,train_tiny_imagenet_k8_denoisepath_p150_light_5k_2026-07-08,train,139,143.5161342352467,5000,restricted,16,8,light_denoise_path,0.0
7,/root/autodl-tmp/CoFiTok/checkpoints/train_tiny_imagenet_k8_denoisepath_p150_light_5k_seed2_2026-07-08/checkpoint_final.pt,4.718161249799388,train_tiny_imagenet_k8_denoisepath_p150_light_5k_seed2_cuda,tiny_imagenet_200,6.843034763255056,69.09468269348145,0.1746429055929184,,,0.06840525567531586,0.08693470060825348,64,0.7332395805494513,0.07627656896199499,2,tiny_conv,True,8.231287002563477,train_tiny_imagenet_k8_denoisepath_p150_light_5k_seed2_2026-07-08,train,103,133.8465531868492,5000,restricted,16,8,light_denoise_path,0.0
7,/root/autodl-tmp/CoFiTok/checkpoints/train_tiny_imagenet_k8_denoisepath_p150_light_cleanmono_10k_cuda_2026-07-08/checkpoint_final.pt,4.700853117874691,train_tiny_imagenet_k8_denoisepath_p150_light_cleanmono_10k_cuda,tiny_imagenet_200,6.775030372551063,151.58290672302246,0.15600764751434326,,,0.05504404008388519,0.06237310916185379,64,0.7121237464327023,0.048872937714414935,2,tiny_conv,True,9.12643814086914,train_tiny_imagenet_k8_denoisepath_p150_light_cleanmono_10k_cuda_2026-07-08,train,163,148.46005500169252,10000,restricted,16,8,clean_monotonic_ablation,0.0
7,/root/autodl-tmp/CoFiTok/checkpoints/train_tiny_imagenet_k8_denoisepath_p150_light_decorw0003_sched3000w1500_5k_2026-07-08/checkpoint_final.pt,4.734754223908697,train_tiny_imagenet_k8_denoisepath_p150_light_decorw0003_sched3000w1500_5k_cuda,tiny_imagenet_200,6.831569208831258,76.30483555793762,0.16613426804542542,0.003,0.6395601630210876,0.04059726372361183,0.047395650297403336,64,0.7215636162864225,0.07970399875193834,2,tiny_conv,True,7.910308837890625,train_tiny_imagenet_k8_denoisepath_p150_light_decorw0003_sched3000w1500_5k_2026-07-08,train,139,143.71157732986447,5000,restricted,16,8,component_decorrelation_ablation,0.0
7,/root/autodl-tmp/CoFiTok/checkpoints/train_tiny_imagenet_k8_denoisepath_p150_light_decorw0003_sched3000w1500_5k_seed2_2026-07-08/checkpoint_final.pt,4.7475341111421585,train_tiny_imagenet_k8_denoisepath_p150_light_decorw0003_sched3000w1500_5k_seed2_cuda,tiny_imagenet_200,6.882909130363266,75.60367345809937,0.1743365228176117,0.003,0.6139057278633118,0.06820037215948105,0.08871044963598251,64,0.7279817435615233,0.07985132187604904,2,tiny_conv,True,8.017539024353027,train_tiny_imagenet_k8_denoisepath_p150_light_decorw0003_sched3000w1500_5k_seed2_2026-07-08,train,103,134.12534353955877,5000,restricted,16,8,component_decorrelation_ablation,0.0
7,/root/autodl-tmp/CoFiTok/checkpoints/train_tiny_imagenet_k8_denoisepath_p150_light_decorw0005_5k_2026-07-08/checkpoint_final.pt,4.946294625954969,train_tiny_imagenet_k8_denoisepath_p150_light_decorw0005_5k_cuda,tiny_imagenet_200,6.797712760004425,80.38115167617798,0.16580359637737274,,0.5501209497451782,0.040722914040088654,0.048932917416095734,64,0.7061778642632678,0.09553820373756546,2,tiny_conv,True,7.08937406539917,train_tiny_imagenet_k8_denoisepath_p150_light_decorw0005_5k_2026-07-08,train,139,144.003492799561,5000,restricted,16,8,component_decorrelation_ablation,0.0
7,/root/autodl-tmp/CoFiTok/checkpoints/train_tiny_imagenet_k8_denoisepath_p150_light_decorw0005_sched2500w1500_5k_2026-07-08/checkpoint_final.pt,4.8324475799288065,train_tiny_imagenet_k8_denoisepath_p150_light_decorw0005_sched2500w1500_5k_cuda,tiny_imagenet_200,6.91747668620954,77.94353795051575,0.1655747890472412,0.005,0.5811145901679993,0.04067045450210571,0.04876869544386864,64,0.7098729769949074,0.0864667354949883,2,tiny_conv,True,7.51887321472168,train_tiny_imagenet_k8_denoisepath_p150_light_decorw0005_sched2500w1500_5k_2026-07-08,train,139,144.1609973634608,5000,restricted,16,8,component_decorrelation_ablation,0.0
7,/root/autodl-tmp/CoFiTok/checkpoints/train_tiny_imagenet_k8_denoisepath_p150_light_multiscale_10k_cuda_2026-07-08/checkpoint_final.pt,4.680307714002473,train_tiny_imagenet_k8_denoisepath_p150_light_multiscale_10k_cuda,tiny_imagenet_200,6.809599260821862,182.22736978530884,0.12501266598701477,,,0.06976816058158875,0.07951843738555908,64,0.7200904138102054,0.0432551265694201,2,multiscale_unet,True,11.42535400390625,train_tiny_imagenet_k8_denoisepath_p150_light_multiscale_10k_cuda_2026-07-08,train,151,188.26046497878647,10000,restricted,16,8,light_denoise_path,0.0
7,/root/autodl-tmp/CoFiTok/checkpoints/train_tiny_imagenet_k8_denoisepath_p150_light_multiscale_20k_2026-07-08/checkpoint_final.pt,4.595594036792006,train_tiny_imagenet_k8_denoisepath_p150_light_multiscale_20k_cuda,tiny_imagenet_200,6.76060429224297,343.0694782733917,0.1234336644411087,0.0,0.0,0.029197165742516518,0.031478460878133774,64,0.7316418382707297,0.034593095005090745,2,multiscale_unet,True,15.61658000946045,train_tiny_imagenet_k8_denoisepath_p150_light_multiscale_20k_2026-07-08,train,151,187.66081410342233,20000,restricted,16,8,light_denoise_path,0.0
7,/root/autodl-tmp/CoFiTok/checkpoints/train_tiny_imagenet_k8_denoisepath_p150_light_nopathprefix_10k_cuda_2026-07-08/checkpoint_final.pt,4.999934498752866,train_tiny_imagenet_k8_denoisepath_p150_light_nopathprefix_10k_cuda,tiny_imagenet_200,6.507091037526177,151.88777923583984,0.16206353902816772,,,0.0542176328599453,0.05828813090920448,64,0.7563176738576358,0.07292723888531327,2,tiny_conv,True,9.146017074584961,train_tiny_imagenet_k8_denoisepath_p150_light_nopathprefix_10k_cuda_2026-07-08,train,157,146.12843148612987,10000,restricted,16,8,no_prefix_loss_ablation,0.0
6,/root/autodl-tmp/CoFiTok/checkpoints/train_tiny_imagenet_k8_epsilononly_p150eval_20k_2026-07-08/checkpoint_final.pt,6.894444535885539,train_tiny_imagenet_k8_epsilononly_p150eval_20k_cuda,tiny_imagenet_200,5.3361291469056376,250.7404294013977,0.14134886860847473,,,0.033062368631362915,0.033062368631362915,64,0.822550521200381,1.1120766997337341,2,tiny_conv,True,1.2317750453948975,train_tiny_imagenet_k8_epsilononly_p150eval_20k_2026-07-08,train,139,166.06909429100162,20000,restricted,16,8,epsilon_only,0.0
7,/root/autodl-tmp/CoFiTok/checkpoints/train_tiny_imagenet_k8_epsilononly_p150eval_20k_seed2_cuda_2026-07-08/checkpoint_final.pt,6.4140191418784,train_tiny_imagenet_k8_epsilononly_p150eval_20k_seed2_cuda,tiny_imagenet_200,5.291000434196112,262.6965751647949,0.1393117904663086,,,0.09564238041639328,0.09564238041639328,64,0.889498972356904,0.9078783094882965,2,tiny_conv,True,1.5916810035705566,train_tiny_imagenet_k8_epsilononly_p150eval_20k_seed2_cuda_2026-07-08,train,103,168.5090943941292,20000,restricted,16,8,epsilon_only,0.0
7,/root/autodl-tmp/CoFiTok/checkpoints/train_tiny_imagenet_k8_epsilononly_p150eval_5k_2026-07-08/checkpoint_final.pt,6.991116612085274,train_tiny_imagenet_k8_epsilononly_p150eval_5k_cuda,tiny_imagenet_200,5.568233919701436,63.69913196563721,0.16291789710521698,,,0.03992561623454094,0.03992561623454094,64,0.8196283219507748,1.1171285259936536,2,tiny_conv,True,1.1089762449264526,train_tiny_imagenet_k8_epsilononly_p150eval_5k_2026-07-08,train,139,146.60230974638338,5000,restricted,16,8,epsilon_only,0.0
7,/root/autodl-tmp/CoFiTok/checkpoints/train_tiny_imagenet_k8_epsilononly_p150eval_5k_seed2_2026-07-08/checkpoint_final.pt,6.494895350720201,train_tiny_imagenet_k8_epsilononly_p150eval_5k_seed2_cuda,tiny_imagenet_200,5.377338493768649,63.62392067909241,0.16926376521587372,,,0.06393897533416748,0.06393897533416748,64,0.8817884357475329,0.8459047962512288,2,tiny_conv,True,1.615848183631897,train_tiny_imagenet_k8_epsilononly_p150eval_5k_seed2_2026-07-08,train,103,138.90745665655348,5000,restricted,16,8,epsilon_only,0.0
7,/root/autodl-tmp/CoFiTok/checkpoints/train_tiny_imagenet_k8_epsilononly_p150eval_multiscale_20k_2026-07-08/checkpoint_final.pt,5.943774438330105,train_tiny_imagenet_k8_epsilononly_p150eval_multiscale_20k_cuda,tiny_imagenet_200,6.039287518762654,300.50410628318787,0.1172734797000885,0.0,0.0,0.02889035828411579,0.02889035828411579,64,0.7929340640449487,0.899750509432384,2,multiscale_unet,True,1.3817193508148193,train_tiny_imagenet_k8_epsilononly_p150eval_multiscale_20k_2026-07-08,train,151,197.58787612339884,20000,restricted,16,8,epsilon_only,0.0
1,/root/autodl-tmp/CoFiTok/checkpoints/train_tiny_imagenet_k8_tailstage_alt_e1_200_seed2_2026-07-07/checkpoint_final.pt,,train_tiny_imagenet_k8_tailstage_alt_endpoint_200_seed2_cuda,tiny_imagenet_200,,2.2956981658935547,0.32621097564697266,,,0.1211673766374588,0.42627012729644775,64,0.012497324222874657,,2,tiny_conv,True,,train_tiny_imagenet_k8_tailstage_alt_e1_200_seed2_2026-07-07,train,131,,200,restricted,16,8,other,
1,/root/autodl-tmp/CoFiTok/checkpoints/train_tiny_imagenet_k8_tailstage_alt_e3_200_seed2_2026-07-07/checkpoint_final.pt,,train_tiny_imagenet_k8_tailstage_alt_endpoint_200_seed2_cuda,tiny_imagenet_200,,2.2962281703948975,0.32741913199424744,,,0.12131056189537048,0.4175008237361908,64,0.013149932421461796,,2,tiny_conv,True,,train_tiny_imagenet_k8_tailstage_alt_e3_200_seed2_2026-07-07,train,131,,200,restricted,16,8,other,
1,/root/autodl-tmp/CoFiTok/checkpoints/train_tiny_imagenet_k8_tailstage_alt_e5_200_seed2_2026-07-07/checkpoint_final.pt,,train_tiny_imagenet_k8_tailstage_alt_endpoint_200_seed2_cuda,tiny_imagenet_200,,2.2881968021392822,0.3281744718551636,,,0.12126851081848145,0.41187432408332825,64,0.013627079144018917,,2,tiny_conv,True,,train_tiny_imagenet_k8_tailstage_alt_e5_200_seed2_2026-07-07,train,131,,200,restricted,16,8,other,
2,/root/autodl-tmp/CoFiTok/checkpoints/train_tiny_imagenet_k8_tailstage_alt_t2_200_seed2_2026-07-07/checkpoint_final.pt,,train_tiny_imagenet_k8_tailstage_alt_tail_200_seed2_cuda,tiny_imagenet_200,,1.6599774360656738,0.30716991424560547,,,0.13380882143974304,0.13380882143974304,64,0.029389292800986122,,2,tiny_conv,True,,train_tiny_imagenet_k8_tailstage_alt_t2_200_seed2_2026-07-07,train,127,,200,restricted,16,8,other,
2,/root/autodl-tmp/CoFiTok/checkpoints/train_tiny_imagenet_k8_tailstage_alt_t4_200_seed2_2026-07-07/checkpoint_final.pt,,train_tiny_imagenet_k8_tailstage_alt_tail_200_seed2_cuda,tiny_imagenet_200,,1.6455421447753906,0.3063804507255554,,,0.13378208875656128,0.13378208875656128,64,0.03185506672451556,,2,tiny_conv,True,,train_tiny_imagenet_k8_tailstage_alt_t4_200_seed2_2026-07-07,train,127,,200,restricted,16,8,other,
1,/root/autodl-tmp/CoFiTok/checkpoints/train_tiny_imagenet_k8_tailstage_endpoint_1k_2026-07-07/checkpoint_final.pt,,train_tiny_imagenet_k8_tailstage_endpoint_1k_cuda,tiny_imagenet_200,,6.894861936569214,0.24877986311912537,,,0.06632297486066818,0.2341306060552597,64,0.015107908525823655,,2,tiny_conv,True,,train_tiny_imagenet_k8_tailstage_endpoint_1k_2026-07-07,train,83,,1000,restricted,16,8,other,
1,/root/autodl-tmp/CoFiTok/checkpoints/train_tiny_imagenet_k8_tailstage_endpoint_500_2026-07-07/checkpoint_final.pt,,train_tiny_imagenet_k8_tailstage_endpoint_500_cuda,tiny_imagenet_200,,3.9877121448516846,0.36336588859558105,,,0.1658528447151184,1.4383435249328613,64,0.010278046778112377,,2,tiny_conv,True,,train_tiny_imagenet_k8_tailstage_endpoint_500_2026-07-07,train,71,,500,restricted,16,8,other,
1,/root/autodl-tmp/CoFiTok/checkpoints/train_tiny_imagenet_k8_tailstage_endpoint_latemono_1k_2026-07-07/checkpoint_final.pt,,train_tiny_imagenet_k8_tailstage_endpoint_latemono_1k_cuda,tiny_imagenet_200,,7.90008020401001,0.2566487491130829,,,0.17481347918510437,0.43851786851882935,64,0.013340451515069005,,2,tiny_conv,True,,train_tiny_imagenet_k8_tailstage_endpoint_latemono_1k_2026-07-07,train,97,,1000,restricted,16,8,other,
1,/root/autodl-tmp/CoFiTok/checkpoints/train_tiny_imagenet_k8_tailstage_endpoint_latemono_soft_1k_2026-07-07/checkpoint_final.pt,,train_tiny_imagenet_k8_tailstage_endpoint_latemono_soft_1k_cuda,tiny_imagenet_200,,7.891319990158081,0.24847114086151123,,,0.15870773792266846,0.37903234362602234,64,0.0140131561066025,,2,tiny_conv,True,,train_tiny_imagenet_k8_tailstage_endpoint_latemono_soft_1k_2026-07-07,train,101,,1000,restricted,16,8,other,
1,/root/autodl-tmp/CoFiTok/checkpoints/train_tiny_imagenet_k8_tailstage_endpoint_latemono_soft_1k_from5k_seed2_2026-07-07/checkpoint_final.pt,,train_tiny_imagenet_k8_tailstage_endpoint_latemono_soft_1k_from5k_seed2_cuda,tiny_imagenet_200,,7.666207790374756,0.24748775362968445,,,0.07938141375780106,0.19030287861824036,64,0.004772722496564905,,2,tiny_conv,True,,train_tiny_imagenet_k8_tailstage_endpoint_latemono_soft_1k_from5k_seed2_2026-07-07,train,109,,1000,restricted,16,8,other,
1,/root/autodl-tmp/CoFiTok/checkpoints/train_tiny_imagenet_k8_tailstage_endpoint_latemono_soft_1k_seed2_2026-07-07/checkpoint_final.pt,,train_tiny_imagenet_k8_tailstage_endpoint_latemono_soft_1k_seed2_cuda,tiny_imagenet_200,,7.548079967498779,0.3348783850669861,,,0.09298142790794373,0.4126823842525482,64,0.015517309004111537,,2,tiny_conv,True,,train_tiny_imagenet_k8_tailstage_endpoint_latemono_soft_1k_seed2_2026-07-07,train,109,,1000,restricted,16,8,other,
1,/root/autodl-tmp/CoFiTok/checkpoints/train_tiny_imagenet_k8_tailstage_endpoint_latemono_soft_e006_1k_seed2_2026-07-07/checkpoint_final.pt,,train_tiny_imagenet_k8_tailstage_endpoint_latemono_soft_e006_1k_seed2_cuda,tiny_imagenet_200,,7.855117321014404,0.34459587931632996,,,0.0945524200797081,0.6915386319160461,64,0.01425272958098995,,2,tiny_conv,True,,train_tiny_imagenet_k8_tailstage_endpoint_latemono_soft_e006_1k_seed2_2026-07-07,train,109,,1000,restricted,16,8,other,
1,/root/autodl-tmp/CoFiTok/checkpoints/train_tiny_imagenet_k8_tailstage_warm_300_2026-07-07/checkpoint_final.pt,,train_tiny_imagenet_k8_tailstage_warm_300_cuda,tiny_imagenet_200,,2.059340238571167,0.3901903033256531,,,0.12119057029485703,0.12119057029485703,64,0.023355308011398283,,2,tiny_conv,True,,train_tiny_imagenet_k8_tailstage_warm_300_2026-07-07,train,67,,300,restricted,16,8,other,
1,/root/autodl-tmp/CoFiTok/checkpoints/train_tiny_imagenet_k8_tailstage_warm_500_2026-07-07/checkpoint_final.pt,,train_tiny_imagenet_k8_tailstage_warm_500_cuda,tiny_imagenet_200,,2.82497239112854,0.2589784860610962,,,0.13675177097320557,0.13675177097320557,64,0.021581090489264855,,2,tiny_conv,True,,train_tiny_imagenet_k8_tailstage_warm_500_2026-07-07,train,79,,500,restricted,16,8,other,
1,/root/autodl-tmp/CoFiTok/checkpoints/train_tiny_imagenet_k8_tailstage_warm_500_from5k_seed2_2026-07-07/checkpoint_final.pt,,train_tiny_imagenet_k8_tailstage_warm_500_from5k_seed2_cuda,tiny_imagenet_200,,2.9515669345855713,0.2383410930633545,,,0.1111544594168663,0.1111544594168663,64,0.0080369863392848,,2,tiny_conv,True,,train_tiny_imagenet_k8_tailstage_warm_500_from5k_seed2_2026-07-07,train,107,,500,restricted,16,8,other,
2,/root/autodl-tmp/CoFiTok/checkpoints/train_tiny_imagenet_k8_tailstage_warm_500_seed2_2026-07-07/checkpoint_final.pt,,train_tiny_imagenet_k8_tailstage_warm_500_seed2_cuda,tiny_imagenet_200,,2.9873480796813965,0.3116590678691864,,,0.12667427957057953,0.12667427957057953,64,0.02390301062100629,,2,tiny_conv,True,,train_tiny_imagenet_k8_tailstage_warm_500_seed2_2026-07-07,train,107,,500,restricted,16,8,other,
