dataset,dataset_tier,resolution,method,display_name,method_type,priority,status,present_sections,missing_sections,required_sections,summary_variant,baseline_repo_status,baseline_evidence_modes,p0_table_status,evidence_counts
cifar10,smoke,32,cofitok_light,CoFiTok full,ours,P0,completed,p0_paper_table,,"train,quality,generated_quality",light_denoise_path,,,completed,"{""p0_paper_table"": 1}"
cifar10,smoke,32,same_backbone_dense,Same-backbone dense epsilon/v predictor,internal_baseline,P0,completed,p0_paper_table,,"train,quality,generated_quality",epsilon_only,internal,,completed,"{""p0_paper_table"": 1}"
cifar10,smoke,32,channel_mask,Channel-mask baseline,internal_baseline,P0,completed,p0_paper_table,,"train,quality",channel_mask,,,completed,"{""p0_paper_table"": 1}"
cifar10,smoke,32,cofitok_no_prefix_loss,CoFiTok w/o prefix loss,internal_ablation,P0,completed,p0_paper_table,,"train,quality",no_prefix_loss_ablation,,,completed,"{""p0_paper_table"": 1}"
cifar10,smoke,32,cofitok_no_monotonic_loss,CoFiTok w/o monotonic loss,internal_ablation,P0,completed,p0_paper_table,,"train,quality",clean_monotonic_ablation,,,completed,"{""p0_paper_table"": 1}"
cifar10,smoke,32,cofitok_simultaneous,CoFiTok simultaneous components,internal_ablation,P0,completed,p0_paper_table,,"train,quality",simultaneous_predictor,,,completed,"{""p0_paper_table"": 1}"
cifar10,smoke,32,cofitok_deep_synthesis,CoFiTok deep S_k,internal_ablation,P0,completed,p0_paper_table,,"train,quality",deep_synthesis_ablation,,,completed,"{""p0_paper_table"": 1}"
cifar10,smoke,32,edm,EDM,external_baseline,P0,completed,p0_paper_table,,"baseline_train,baseline_eval",,smoke_passed,,completed,"{""p0_paper_table"": 1}"
cifar10,smoke,32,improved_diffusion,Improved DDPM,external_baseline,P0,completed,p0_paper_table,,"baseline_train,baseline_eval",,smoke_passed,,completed,"{""p0_paper_table"": 1}"
cifar10,smoke,32,d_ar,D-AR,external_baseline,P0,protocol_blocked,,"baseline_train,baseline_eval","baseline_train,baseline_eval",,official_50k_eval_completed,,protocol_blocked,"{""p0_paper_table"": 0}"
cifar10,smoke,32,ml_flextok,FlexTok,external_baseline,P1,completed_eval_only,"baseline_train_or_eval,baseline_eval",,"baseline_train_or_eval,baseline_eval",,smoke_passed_eval_only,"eval_only,eval_only_tokenizer_reconstruction",,"{""baseline_eval"": 4, ""baseline_train_or_eval"": 8}"
cifar10,smoke,32,mar,MAR,external_baseline,P1,protocol_blocked,,"baseline_train_or_eval,baseline_eval","baseline_train_or_eval,baseline_eval",,official_hf_safetensors_smoke_passed_50k_not_run,,,"{""baseline_eval"": 0, ""baseline_train_or_eval"": 0}"
cifar10,smoke,32,titok_1d_tokenizer,TiTok / 1D tokenizer,external_baseline,P1,completed_eval_only,"baseline_train_or_eval,baseline_eval",,"baseline_train_or_eval,baseline_eval",,smoke_passed_eval_only,"eval_only,eval_only_tokenizer_reconstruction",,"{""baseline_eval"": 4, ""baseline_train_or_eval"": 8}"
cifar10,smoke,32,retok,ReTok,external_baseline,P1,protocol_blocked,,"baseline_train_or_eval,baseline_eval","baseline_train_or_eval,baseline_eval",,official_50k_eval_completed,,,"{""baseline_eval"": 0, ""baseline_train_or_eval"": 0}"
tiny_imagenet_200,formal_64,64,cofitok_light,CoFiTok full,ours,P0,completed,p0_paper_table,,"train,quality,generated_quality",light_denoise_path,,,completed,"{""p0_paper_table"": 1}"
tiny_imagenet_200,formal_64,64,same_backbone_dense,Same-backbone dense epsilon/v predictor,internal_baseline,P0,completed,p0_paper_table,,"train,quality,generated_quality",epsilon_only,internal,,completed,"{""p0_paper_table"": 1}"
tiny_imagenet_200,formal_64,64,channel_mask,Channel-mask baseline,internal_baseline,P0,completed,p0_paper_table,,"train,quality",channel_mask,,,completed,"{""p0_paper_table"": 1}"
tiny_imagenet_200,formal_64,64,cofitok_no_prefix_loss,CoFiTok w/o prefix loss,internal_ablation,P0,completed,p0_paper_table,,"train,quality",no_prefix_loss_ablation,,,completed,"{""p0_paper_table"": 1}"
tiny_imagenet_200,formal_64,64,cofitok_no_monotonic_loss,CoFiTok w/o monotonic loss,internal_ablation,P0,completed,p0_paper_table,,"train,quality",clean_monotonic_ablation,,,completed,"{""p0_paper_table"": 1}"
tiny_imagenet_200,formal_64,64,cofitok_simultaneous,CoFiTok simultaneous components,internal_ablation,P0,completed,p0_paper_table,,"train,quality",simultaneous_predictor,,,completed,"{""p0_paper_table"": 1}"
tiny_imagenet_200,formal_64,64,cofitok_deep_synthesis,CoFiTok deep S_k,internal_ablation,P0,completed,p0_paper_table,,"train,quality",deep_synthesis_ablation,,,completed,"{""p0_paper_table"": 1}"
tiny_imagenet_200,formal_64,64,edm,EDM,external_baseline,P0,completed,p0_paper_table,,"baseline_train,baseline_eval",,smoke_passed,,completed,"{""p0_paper_table"": 1}"
tiny_imagenet_200,formal_64,64,improved_diffusion,Improved DDPM,external_baseline,P0,completed,p0_paper_table,,"baseline_train,baseline_eval",,smoke_passed,,completed,"{""p0_paper_table"": 1}"
tiny_imagenet_200,formal_64,64,d_ar,D-AR,external_baseline,P0,protocol_blocked,,"baseline_train,baseline_eval","baseline_train,baseline_eval",,official_50k_eval_completed,,protocol_blocked,"{""p0_paper_table"": 0}"
tiny_imagenet_200,formal_64,64,ml_flextok,FlexTok,external_baseline,P1,completed_eval_only,"baseline_train_or_eval,baseline_eval",,"baseline_train_or_eval,baseline_eval",,smoke_passed_eval_only,"eval_only,eval_only_tokenizer_reconstruction",,"{""baseline_eval"": 2, ""baseline_train_or_eval"": 4}"
tiny_imagenet_200,formal_64,64,mar,MAR,external_baseline,P1,protocol_blocked,,"baseline_train_or_eval,baseline_eval","baseline_train_or_eval,baseline_eval",,official_hf_safetensors_smoke_passed_50k_not_run,,,"{""baseline_eval"": 0, ""baseline_train_or_eval"": 0}"
tiny_imagenet_200,formal_64,64,titok_1d_tokenizer,TiTok / 1D tokenizer,external_baseline,P1,completed_eval_only,"baseline_train_or_eval,baseline_eval",,"baseline_train_or_eval,baseline_eval",,smoke_passed_eval_only,"eval_only,eval_only_tokenizer_reconstruction",,"{""baseline_eval"": 2, ""baseline_train_or_eval"": 4}"
tiny_imagenet_200,formal_64,64,retok,ReTok,external_baseline,P1,protocol_blocked,,"baseline_train_or_eval,baseline_eval","baseline_train_or_eval,baseline_eval",,official_50k_eval_completed,,,"{""baseline_eval"": 0, ""baseline_train_or_eval"": 0}"
imagenet_1k_64x64_hf,legacy_64,64,cofitok_light,CoFiTok full,ours,P0,completed,p0_paper_table,,"train,quality,generated_quality",light_denoise_path,,,completed,"{""p0_paper_table"": 1}"
imagenet_1k_64x64_hf,legacy_64,64,same_backbone_dense,Same-backbone dense epsilon/v predictor,internal_baseline,P0,completed,p0_paper_table,,"train,quality,generated_quality",epsilon_only,internal,,completed,"{""p0_paper_table"": 1}"
imagenet_1k_64x64_hf,legacy_64,64,channel_mask,Channel-mask baseline,internal_baseline,P0,completed,p0_paper_table,,"train,quality",channel_mask,,,completed,"{""p0_paper_table"": 1}"
imagenet_1k_64x64_hf,legacy_64,64,cofitok_no_prefix_loss,CoFiTok w/o prefix loss,internal_ablation,P0,completed,p0_paper_table,,"train,quality",no_prefix_loss_ablation,,,completed,"{""p0_paper_table"": 1}"
imagenet_1k_64x64_hf,legacy_64,64,cofitok_no_monotonic_loss,CoFiTok w/o monotonic loss,internal_ablation,P0,completed,p0_paper_table,,"train,quality",clean_monotonic_ablation,,,completed,"{""p0_paper_table"": 1}"
imagenet_1k_64x64_hf,legacy_64,64,cofitok_simultaneous,CoFiTok simultaneous components,internal_ablation,P0,completed,p0_paper_table,,"train,quality",simultaneous_predictor,,,completed,"{""p0_paper_table"": 1}"
imagenet_1k_64x64_hf,legacy_64,64,cofitok_deep_synthesis,CoFiTok deep S_k,internal_ablation,P0,completed,p0_paper_table,,"train,quality",deep_synthesis_ablation,,,completed,"{""p0_paper_table"": 1}"
imagenet_1k_64x64_hf,legacy_64,64,edm,EDM,external_baseline,P0,completed,p0_paper_table,,"baseline_train,baseline_eval",,smoke_passed,,completed,"{""p0_paper_table"": 1}"
imagenet_1k_64x64_hf,legacy_64,64,improved_diffusion,Improved DDPM,external_baseline,P0,completed,p0_paper_table,,"baseline_train,baseline_eval",,smoke_passed,,completed,"{""p0_paper_table"": 1}"
imagenet_1k_64x64_hf,legacy_64,64,d_ar,D-AR,external_baseline,P0,protocol_blocked,,"baseline_train,baseline_eval","baseline_train,baseline_eval",,official_50k_eval_completed,,protocol_blocked,"{""p0_paper_table"": 0}"
imagenet_1k_64x64_hf,legacy_64,64,ml_flextok,FlexTok,external_baseline,P1,completed_eval_only,"baseline_train_or_eval,baseline_eval",,"baseline_train_or_eval,baseline_eval",,smoke_passed_eval_only,"eval_only,eval_only_tokenizer_reconstruction",,"{""baseline_eval"": 2, ""baseline_train_or_eval"": 4}"
imagenet_1k_64x64_hf,legacy_64,64,mar,MAR,external_baseline,P1,protocol_blocked,,"baseline_train_or_eval,baseline_eval","baseline_train_or_eval,baseline_eval",,official_hf_safetensors_smoke_passed_50k_not_run,,,"{""baseline_eval"": 0, ""baseline_train_or_eval"": 0}"
imagenet_1k_64x64_hf,legacy_64,64,titok_1d_tokenizer,TiTok / 1D tokenizer,external_baseline,P1,completed_eval_only,"baseline_train_or_eval,baseline_eval",,"baseline_train_or_eval,baseline_eval",,smoke_passed_eval_only,"eval_only,eval_only_tokenizer_reconstruction",,"{""baseline_eval"": 2, ""baseline_train_or_eval"": 4}"
imagenet_1k_64x64_hf,legacy_64,64,retok,ReTok,external_baseline,P1,protocol_blocked,,"baseline_train_or_eval,baseline_eval","baseline_train_or_eval,baseline_eval",,official_50k_eval_completed,,,"{""baseline_eval"": 0, ""baseline_train_or_eval"": 0}"
downsampled_imagenet_64,formal_64,64,cofitok_light,CoFiTok full,ours,P0,completed,p0_paper_table,,"train,quality,generated_quality",light_denoise_path,,,completed,"{""p0_paper_table"": 1}"
downsampled_imagenet_64,formal_64,64,same_backbone_dense,Same-backbone dense epsilon/v predictor,internal_baseline,P0,completed,p0_paper_table,,"train,quality,generated_quality",epsilon_only,internal,,completed,"{""p0_paper_table"": 1}"
downsampled_imagenet_64,formal_64,64,channel_mask,Channel-mask baseline,internal_baseline,P0,completed,p0_paper_table,,"train,quality",channel_mask,,,completed,"{""p0_paper_table"": 1}"
downsampled_imagenet_64,formal_64,64,cofitok_no_prefix_loss,CoFiTok w/o prefix loss,internal_ablation,P0,completed,p0_paper_table,,"train,quality",no_prefix_loss_ablation,,,completed,"{""p0_paper_table"": 1}"
downsampled_imagenet_64,formal_64,64,cofitok_no_monotonic_loss,CoFiTok w/o monotonic loss,internal_ablation,P0,completed,p0_paper_table,,"train,quality",clean_monotonic_ablation,,,completed,"{""p0_paper_table"": 1}"
downsampled_imagenet_64,formal_64,64,cofitok_simultaneous,CoFiTok simultaneous components,internal_ablation,P0,completed,p0_paper_table,,"train,quality",simultaneous_predictor,,,completed,"{""p0_paper_table"": 1}"
downsampled_imagenet_64,formal_64,64,cofitok_deep_synthesis,CoFiTok deep S_k,internal_ablation,P0,completed,p0_paper_table,,"train,quality",deep_synthesis_ablation,,,completed,"{""p0_paper_table"": 1}"
downsampled_imagenet_64,formal_64,64,edm,EDM,external_baseline,P0,completed,p0_paper_table,,"baseline_train,baseline_eval",,smoke_passed,,completed,"{""p0_paper_table"": 1}"
downsampled_imagenet_64,formal_64,64,improved_diffusion,Improved DDPM,external_baseline,P0,completed,p0_paper_table,,"baseline_train,baseline_eval",,smoke_passed,,completed,"{""p0_paper_table"": 1}"
downsampled_imagenet_64,formal_64,64,d_ar,D-AR,external_baseline,P0,protocol_blocked,,"baseline_train,baseline_eval","baseline_train,baseline_eval",,official_50k_eval_completed,,protocol_blocked,"{""p0_paper_table"": 0}"
downsampled_imagenet_64,formal_64,64,ml_flextok,FlexTok,external_baseline,P1,completed_eval_only,"baseline_train_or_eval,baseline_eval",,"baseline_train_or_eval,baseline_eval",,smoke_passed_eval_only,"eval_only,eval_only_tokenizer_reconstruction",,"{""baseline_eval"": 2, ""baseline_train_or_eval"": 4}"
downsampled_imagenet_64,formal_64,64,mar,MAR,external_baseline,P1,protocol_blocked,,"baseline_train_or_eval,baseline_eval","baseline_train_or_eval,baseline_eval",,official_hf_safetensors_smoke_passed_50k_not_run,,,"{""baseline_eval"": 0, ""baseline_train_or_eval"": 0}"
downsampled_imagenet_64,formal_64,64,titok_1d_tokenizer,TiTok / 1D tokenizer,external_baseline,P1,completed_eval_only,"baseline_train_or_eval,baseline_eval",,"baseline_train_or_eval,baseline_eval",,smoke_passed_eval_only,"eval_only,eval_only_tokenizer_reconstruction",,"{""baseline_eval"": 2, ""baseline_train_or_eval"": 4}"
downsampled_imagenet_64,formal_64,64,retok,ReTok,external_baseline,P1,protocol_blocked,,"baseline_train_or_eval,baseline_eval","baseline_train_or_eval,baseline_eval",,official_50k_eval_completed,,,"{""baseline_eval"": 0, ""baseline_train_or_eval"": 0}"
ffhq_64,formal_64,64,cofitok_light,CoFiTok full,ours,P0,completed,p0_paper_table,,"train,quality,generated_quality",light_denoise_path,,,completed,"{""p0_paper_table"": 1}"
ffhq_64,formal_64,64,same_backbone_dense,Same-backbone dense epsilon/v predictor,internal_baseline,P0,completed,p0_paper_table,,"train,quality,generated_quality",epsilon_only,internal,,completed,"{""p0_paper_table"": 1}"
ffhq_64,formal_64,64,channel_mask,Channel-mask baseline,internal_baseline,P0,completed,p0_paper_table,,"train,quality",channel_mask,,,completed,"{""p0_paper_table"": 1}"
ffhq_64,formal_64,64,cofitok_no_prefix_loss,CoFiTok w/o prefix loss,internal_ablation,P0,completed,p0_paper_table,,"train,quality",no_prefix_loss_ablation,,,completed,"{""p0_paper_table"": 1}"
ffhq_64,formal_64,64,cofitok_no_monotonic_loss,CoFiTok w/o monotonic loss,internal_ablation,P0,completed,p0_paper_table,,"train,quality",clean_monotonic_ablation,,,completed,"{""p0_paper_table"": 1}"
ffhq_64,formal_64,64,cofitok_simultaneous,CoFiTok simultaneous components,internal_ablation,P0,completed,p0_paper_table,,"train,quality",simultaneous_predictor,,,completed,"{""p0_paper_table"": 1}"
ffhq_64,formal_64,64,cofitok_deep_synthesis,CoFiTok deep S_k,internal_ablation,P0,completed,p0_paper_table,,"train,quality",deep_synthesis_ablation,,,completed,"{""p0_paper_table"": 1}"
ffhq_64,formal_64,64,edm,EDM,external_baseline,P0,completed,p0_paper_table,,"baseline_train,baseline_eval",,smoke_passed,,completed,"{""p0_paper_table"": 1}"
ffhq_64,formal_64,64,improved_diffusion,Improved DDPM,external_baseline,P0,completed,p0_paper_table,,"baseline_train,baseline_eval",,smoke_passed,,completed,"{""p0_paper_table"": 1}"
ffhq_64,formal_64,64,d_ar,D-AR,external_baseline,P0,protocol_blocked,,"baseline_train,baseline_eval","baseline_train,baseline_eval",,official_50k_eval_completed,,protocol_blocked,"{""p0_paper_table"": 0}"
ffhq_64,formal_64,64,ml_flextok,FlexTok,external_baseline,P1,completed_eval_only,"baseline_train_or_eval,baseline_eval",,"baseline_train_or_eval,baseline_eval",,smoke_passed_eval_only,"eval_only,eval_only_tokenizer_reconstruction",,"{""baseline_eval"": 2, ""baseline_train_or_eval"": 4}"
ffhq_64,formal_64,64,mar,MAR,external_baseline,P1,protocol_blocked,,"baseline_train_or_eval,baseline_eval","baseline_train_or_eval,baseline_eval",,official_hf_safetensors_smoke_passed_50k_not_run,,,"{""baseline_eval"": 0, ""baseline_train_or_eval"": 0}"
ffhq_64,formal_64,64,titok_1d_tokenizer,TiTok / 1D tokenizer,external_baseline,P1,completed_eval_only,"baseline_train_or_eval,baseline_eval",,"baseline_train_or_eval,baseline_eval",,smoke_passed_eval_only,"eval_only,eval_only_tokenizer_reconstruction",,"{""baseline_eval"": 2, ""baseline_train_or_eval"": 4}"
ffhq_64,formal_64,64,retok,ReTok,external_baseline,P1,protocol_blocked,,"baseline_train_or_eval,baseline_eval","baseline_train_or_eval,baseline_eval",,official_50k_eval_completed,,,"{""baseline_eval"": 0, ""baseline_train_or_eval"": 0}"
afhqv2_64,formal_64,64,cofitok_light,CoFiTok full,ours,P0,completed,p0_paper_table,,"train,quality,generated_quality",light_denoise_path,,,completed,"{""p0_paper_table"": 1}"
afhqv2_64,formal_64,64,same_backbone_dense,Same-backbone dense epsilon/v predictor,internal_baseline,P0,completed,p0_paper_table,,"train,quality,generated_quality",epsilon_only,internal,,completed,"{""p0_paper_table"": 1}"
afhqv2_64,formal_64,64,channel_mask,Channel-mask baseline,internal_baseline,P0,completed,p0_paper_table,,"train,quality",channel_mask,,,completed,"{""p0_paper_table"": 1}"
afhqv2_64,formal_64,64,cofitok_no_prefix_loss,CoFiTok w/o prefix loss,internal_ablation,P0,completed,p0_paper_table,,"train,quality",no_prefix_loss_ablation,,,completed,"{""p0_paper_table"": 1}"
afhqv2_64,formal_64,64,cofitok_no_monotonic_loss,CoFiTok w/o monotonic loss,internal_ablation,P0,completed,p0_paper_table,,"train,quality",clean_monotonic_ablation,,,completed,"{""p0_paper_table"": 1}"
afhqv2_64,formal_64,64,cofitok_simultaneous,CoFiTok simultaneous components,internal_ablation,P0,completed,p0_paper_table,,"train,quality",simultaneous_predictor,,,completed,"{""p0_paper_table"": 1}"
afhqv2_64,formal_64,64,cofitok_deep_synthesis,CoFiTok deep S_k,internal_ablation,P0,completed,p0_paper_table,,"train,quality",deep_synthesis_ablation,,,completed,"{""p0_paper_table"": 1}"
afhqv2_64,formal_64,64,edm,EDM,external_baseline,P0,completed,p0_paper_table,,"baseline_train,baseline_eval",,smoke_passed,,completed,"{""p0_paper_table"": 1}"
afhqv2_64,formal_64,64,improved_diffusion,Improved DDPM,external_baseline,P0,completed,p0_paper_table,,"baseline_train,baseline_eval",,smoke_passed,,completed,"{""p0_paper_table"": 1}"
afhqv2_64,formal_64,64,d_ar,D-AR,external_baseline,P0,protocol_blocked,,"baseline_train,baseline_eval","baseline_train,baseline_eval",,official_50k_eval_completed,,protocol_blocked,"{""p0_paper_table"": 0}"
afhqv2_64,formal_64,64,ml_flextok,FlexTok,external_baseline,P1,completed_eval_only,"baseline_train_or_eval,baseline_eval",,"baseline_train_or_eval,baseline_eval",,smoke_passed_eval_only,"eval_only,eval_only_tokenizer_reconstruction",,"{""baseline_eval"": 2, ""baseline_train_or_eval"": 4}"
afhqv2_64,formal_64,64,mar,MAR,external_baseline,P1,protocol_blocked,,"baseline_train_or_eval,baseline_eval","baseline_train_or_eval,baseline_eval",,official_hf_safetensors_smoke_passed_50k_not_run,,,"{""baseline_eval"": 0, ""baseline_train_or_eval"": 0}"
afhqv2_64,formal_64,64,titok_1d_tokenizer,TiTok / 1D tokenizer,external_baseline,P1,completed_eval_only,"baseline_train_or_eval,baseline_eval",,"baseline_train_or_eval,baseline_eval",,smoke_passed_eval_only,"eval_only,eval_only_tokenizer_reconstruction",,"{""baseline_eval"": 2, ""baseline_train_or_eval"": 4}"
afhqv2_64,formal_64,64,retok,ReTok,external_baseline,P1,protocol_blocked,,"baseline_train_or_eval,baseline_eval","baseline_train_or_eval,baseline_eval",,official_50k_eval_completed,,,"{""baseline_eval"": 0, ""baseline_train_or_eval"": 0}"
imagenet_256_10pct,formal_256_scaling,256,cofitok_light,CoFiTok full,ours,P0,completed,p0_paper_table,,"train,quality,generated_quality",light_denoise_path,,,completed,"{""p0_paper_table"": 1}"
imagenet_256_10pct,formal_256_scaling,256,same_backbone_dense,Same-backbone dense epsilon/v predictor,internal_baseline,P0,completed,p0_paper_table,,"train,quality,generated_quality",epsilon_only,internal,,completed,"{""p0_paper_table"": 1}"
imagenet_256_10pct,formal_256_scaling,256,channel_mask,Channel-mask baseline,internal_baseline,P0,completed,p0_paper_table,,"train,quality",channel_mask,,,completed,"{""p0_paper_table"": 1}"
imagenet_256_10pct,formal_256_scaling,256,cofitok_no_prefix_loss,CoFiTok w/o prefix loss,internal_ablation,P0,completed,p0_paper_table,,"train,quality",no_prefix_loss_ablation,,,completed,"{""p0_paper_table"": 1}"
imagenet_256_10pct,formal_256_scaling,256,cofitok_no_monotonic_loss,CoFiTok w/o monotonic loss,internal_ablation,P0,completed,p0_paper_table,,"train,quality",clean_monotonic_ablation,,,completed,"{""p0_paper_table"": 1}"
imagenet_256_10pct,formal_256_scaling,256,cofitok_simultaneous,CoFiTok simultaneous components,internal_ablation,P0,completed,p0_paper_table,,"train,quality",simultaneous_predictor,,,completed,"{""p0_paper_table"": 1}"
imagenet_256_10pct,formal_256_scaling,256,cofitok_deep_synthesis,CoFiTok deep S_k,internal_ablation,P0,completed,p0_paper_table,,"train,quality",deep_synthesis_ablation,,,completed,"{""p0_paper_table"": 1}"
imagenet_256_10pct,formal_256_scaling,256,edm,EDM,external_baseline,P0,completed,p0_paper_table,,"baseline_train,baseline_eval",,smoke_passed,,completed,"{""p0_paper_table"": 1}"
imagenet_256_10pct,formal_256_scaling,256,improved_diffusion,Improved DDPM,external_baseline,P0,completed,p0_paper_table,,"baseline_train,baseline_eval",,smoke_passed,,completed,"{""p0_paper_table"": 1}"
imagenet_256_10pct,formal_256_scaling,256,d_ar,D-AR,external_baseline,P0,protocol_blocked,,"baseline_train,baseline_eval","baseline_train,baseline_eval",,official_50k_eval_completed,,protocol_blocked,"{""p0_paper_table"": 0}"
imagenet_256_10pct,formal_256_scaling,256,ml_flextok,FlexTok,external_baseline,P1,completed_eval_only,"baseline_train_or_eval,baseline_eval",,"baseline_train_or_eval,baseline_eval",,smoke_passed_eval_only,"eval_only,eval_only_tokenizer_reconstruction",,"{""baseline_eval"": 2, ""baseline_train_or_eval"": 4}"
imagenet_256_10pct,formal_256_scaling,256,mar,MAR,external_baseline,P1,protocol_blocked,,"baseline_train_or_eval,baseline_eval","baseline_train_or_eval,baseline_eval",,official_hf_safetensors_smoke_passed_50k_not_run,,,"{""baseline_eval"": 0, ""baseline_train_or_eval"": 0}"
imagenet_256_10pct,formal_256_scaling,256,titok_1d_tokenizer,TiTok / 1D tokenizer,external_baseline,P1,completed_eval_only,"baseline_train_or_eval,baseline_eval",,"baseline_train_or_eval,baseline_eval",,smoke_passed_eval_only,"eval_only,eval_only_tokenizer_reconstruction",,"{""baseline_eval"": 2, ""baseline_train_or_eval"": 4}"
imagenet_256_10pct,formal_256_scaling,256,retok,ReTok,external_baseline,P1,protocol_blocked,,"baseline_train_or_eval,baseline_eval","baseline_train_or_eval,baseline_eval",,official_50k_eval_completed,,,"{""baseline_eval"": 0, ""baseline_train_or_eval"": 0}"
imagenet_256,formal_256_full,256,cofitok_light,CoFiTok full,ours,P0,completed,p0_paper_table,,"train,quality,generated_quality",light_denoise_path,,,completed,"{""p0_paper_table"": 1}"
imagenet_256,formal_256_full,256,same_backbone_dense,Same-backbone dense epsilon/v predictor,internal_baseline,P0,completed,p0_paper_table,,"train,quality,generated_quality",epsilon_only,internal,,completed,"{""p0_paper_table"": 1}"
imagenet_256,formal_256_full,256,channel_mask,Channel-mask baseline,internal_baseline,P0,completed,p0_paper_table,,"train,quality",channel_mask,,,completed,"{""p0_paper_table"": 1}"
imagenet_256,formal_256_full,256,cofitok_no_prefix_loss,CoFiTok w/o prefix loss,internal_ablation,P0,completed,p0_paper_table,,"train,quality",no_prefix_loss_ablation,,,completed,"{""p0_paper_table"": 1}"
imagenet_256,formal_256_full,256,cofitok_no_monotonic_loss,CoFiTok w/o monotonic loss,internal_ablation,P0,completed,p0_paper_table,,"train,quality",clean_monotonic_ablation,,,completed,"{""p0_paper_table"": 1}"
imagenet_256,formal_256_full,256,cofitok_simultaneous,CoFiTok simultaneous components,internal_ablation,P0,completed,p0_paper_table,,"train,quality",simultaneous_predictor,,,completed,"{""p0_paper_table"": 1}"
imagenet_256,formal_256_full,256,cofitok_deep_synthesis,CoFiTok deep S_k,internal_ablation,P0,completed,p0_paper_table,,"train,quality",deep_synthesis_ablation,,,completed,"{""p0_paper_table"": 1}"
imagenet_256,formal_256_full,256,edm,EDM,external_baseline,P0,completed,p0_paper_table,,"baseline_train,baseline_eval",,smoke_passed,,completed,"{""p0_paper_table"": 1}"
imagenet_256,formal_256_full,256,improved_diffusion,Improved DDPM,external_baseline,P0,completed,p0_paper_table,,"baseline_train,baseline_eval",,smoke_passed,,completed,"{""p0_paper_table"": 1}"
imagenet_256,formal_256_full,256,d_ar,D-AR,external_baseline,P0,protocol_blocked,,"baseline_train,baseline_eval","baseline_train,baseline_eval",,official_50k_eval_completed,,protocol_blocked,"{""p0_paper_table"": 0}"
imagenet_256,formal_256_full,256,ml_flextok,FlexTok,external_baseline,P1,completed_eval_only,"baseline_train_or_eval,baseline_eval",,"baseline_train_or_eval,baseline_eval",,smoke_passed_eval_only,"eval_only,eval_only_tokenizer_reconstruction",,"{""baseline_eval"": 2, ""baseline_train_or_eval"": 4}"
imagenet_256,formal_256_full,256,mar,MAR,external_baseline,P1,protocol_blocked,"baseline_train_or_eval,baseline_eval",,"baseline_train_or_eval,baseline_eval",,official_hf_safetensors_smoke_passed_50k_not_run,eval_only,,"{""baseline_eval"": 1, ""baseline_train_or_eval"": 1}"
imagenet_256,formal_256_full,256,titok_1d_tokenizer,TiTok / 1D tokenizer,external_baseline,P1,completed_eval_only,"baseline_train_or_eval,baseline_eval",,"baseline_train_or_eval,baseline_eval",,smoke_passed_eval_only,"eval_only,eval_only_tokenizer_reconstruction",,"{""baseline_eval"": 2, ""baseline_train_or_eval"": 4}"
imagenet_256,formal_256_full,256,retok,ReTok,external_baseline,P1,protocol_blocked,"baseline_train_or_eval,baseline_eval",,"baseline_train_or_eval,baseline_eval",,official_50k_eval_completed,eval_only,,"{""baseline_eval"": 3, ""baseline_train_or_eval"": 3}"
