dataset,dataset_tier,resolution,method,display_name,method_type,priority,status,present_sections,missing_sections,required_sections,summary_variant,baseline_repo_status,evidence_counts
cifar10,smoke,32,cofitok_light,CoFiTok full,ours,P0,completed,"train,quality,generated_quality",,"train,quality,generated_quality",light_denoise_path,,"{""generated_quality"": 1, ""quality"": 4, ""train"": 2}"
cifar10,smoke,32,same_backbone_dense,Same-backbone dense epsilon/v predictor,internal_baseline,P0,completed,"train,quality,generated_quality",,"train,quality,generated_quality",epsilon_only,internal,"{""generated_quality"": 1, ""quality"": 3, ""train"": 2}"
cifar10,smoke,32,channel_mask,Channel-mask baseline,internal_baseline,P0,completed,"train,quality",,"train,quality",channel_mask,,"{""quality"": 1, ""train"": 7}"
cifar10,smoke,32,cofitok_no_prefix_loss,CoFiTok w/o prefix loss,internal_ablation,P0,completed,"train,quality",,"train,quality",no_prefix_loss_ablation,,"{""quality"": 1, ""train"": 1}"
cifar10,smoke,32,cofitok_no_monotonic_loss,CoFiTok w/o monotonic loss,internal_ablation,P0,completed,"train,quality",,"train,quality",clean_monotonic_ablation,,"{""quality"": 1, ""train"": 1}"
cifar10,smoke,32,cofitok_simultaneous,CoFiTok simultaneous components,internal_ablation,P0,completed,"train,quality",,"train,quality",simultaneous_predictor,,"{""quality"": 1, ""train"": 1}"
cifar10,smoke,32,cofitok_deep_synthesis,CoFiTok deep S_k,internal_ablation,P0,completed,"train,quality",,"train,quality",deep_synthesis_ablation,,"{""quality"": 1, ""train"": 1}"
cifar10,smoke,32,edm,EDM,external_baseline,P0,completed,"baseline_train,baseline_eval",,"baseline_train,baseline_eval",,smoke_passed,"{""baseline_eval"": 1, ""baseline_train"": 1}"
cifar10,smoke,32,improved_diffusion,Improved DDPM,external_baseline,P0,completed,"baseline_train,baseline_eval",,"baseline_train,baseline_eval",,smoke_passed,"{""baseline_eval"": 1, ""baseline_train"": 1}"
cifar10,smoke,32,d_ar,D-AR,external_baseline,P0,protocol_blocked,,"baseline_train,baseline_eval","baseline_train,baseline_eval",,feasibility_only,"{""baseline_eval"": 0, ""baseline_train"": 0}"
cifar10,smoke,32,ml_flextok,FlexTok,external_baseline,P1,needs_adapter,,"baseline_train_or_eval,baseline_eval","baseline_train_or_eval,baseline_eval",,repo_cloned,"{""baseline_eval"": 0, ""baseline_train_or_eval"": 0}"
cifar10,smoke,32,mar,MAR,external_baseline,P1,needs_adapter,,"baseline_train_or_eval,baseline_eval","baseline_train_or_eval,baseline_eval",,repo_cloned,"{""baseline_eval"": 0, ""baseline_train_or_eval"": 0}"
cifar10,smoke,32,titok_1d_tokenizer,TiTok / 1D tokenizer,external_baseline,P1,needs_adapter,,"baseline_train_or_eval,baseline_eval","baseline_train_or_eval,baseline_eval",,repo_cloned,"{""baseline_eval"": 0, ""baseline_train_or_eval"": 0}"
cifar10,smoke,32,retok,ReTok,external_baseline,P1,needs_adapter,,"baseline_train_or_eval,baseline_eval","baseline_train_or_eval,baseline_eval",,repo_cloned,"{""baseline_eval"": 0, ""baseline_train_or_eval"": 0}"
tiny_imagenet_200,formal_64,64,cofitok_light,CoFiTok full,ours,P0,completed,"train,quality,generated_quality",,"train,quality,generated_quality",light_denoise_path,,"{""generated_quality"": 8, ""quality"": 8, ""train"": 6}"
tiny_imagenet_200,formal_64,64,same_backbone_dense,Same-backbone dense epsilon/v predictor,internal_baseline,P0,completed,"train,quality,generated_quality",,"train,quality,generated_quality",epsilon_only,internal,"{""generated_quality"": 6, ""quality"": 6, ""train"": 5}"
tiny_imagenet_200,formal_64,64,channel_mask,Channel-mask baseline,internal_baseline,P0,completed,"train,quality",,"train,quality",channel_mask,,"{""quality"": 1, ""train"": 9}"
tiny_imagenet_200,formal_64,64,cofitok_no_prefix_loss,CoFiTok w/o prefix loss,internal_ablation,P0,completed,"train,quality",,"train,quality",no_prefix_loss_ablation,,"{""quality"": 2, ""train"": 2}"
tiny_imagenet_200,formal_64,64,cofitok_no_monotonic_loss,CoFiTok w/o monotonic loss,internal_ablation,P0,completed,"train,quality",,"train,quality",clean_monotonic_ablation,,"{""quality"": 2, ""train"": 2}"
tiny_imagenet_200,formal_64,64,cofitok_simultaneous,CoFiTok simultaneous components,internal_ablation,P0,completed,"train,quality",,"train,quality",simultaneous_predictor,,"{""quality"": 1, ""train"": 1}"
tiny_imagenet_200,formal_64,64,cofitok_deep_synthesis,CoFiTok deep S_k,internal_ablation,P0,completed,"train,quality",,"train,quality",deep_synthesis_ablation,,"{""quality"": 1, ""train"": 1}"
tiny_imagenet_200,formal_64,64,edm,EDM,external_baseline,P0,completed,"baseline_train,baseline_eval",,"baseline_train,baseline_eval",,smoke_passed,"{""baseline_eval"": 1, ""baseline_train"": 1}"
tiny_imagenet_200,formal_64,64,improved_diffusion,Improved DDPM,external_baseline,P0,completed,"baseline_train,baseline_eval",,"baseline_train,baseline_eval",,smoke_passed,"{""baseline_eval"": 1, ""baseline_train"": 1}"
tiny_imagenet_200,formal_64,64,d_ar,D-AR,external_baseline,P0,protocol_blocked,,"baseline_train,baseline_eval","baseline_train,baseline_eval",,feasibility_only,"{""baseline_eval"": 0, ""baseline_train"": 0}"
tiny_imagenet_200,formal_64,64,ml_flextok,FlexTok,external_baseline,P1,needs_adapter,,"baseline_train_or_eval,baseline_eval","baseline_train_or_eval,baseline_eval",,repo_cloned,"{""baseline_eval"": 0, ""baseline_train_or_eval"": 0}"
tiny_imagenet_200,formal_64,64,mar,MAR,external_baseline,P1,needs_adapter,,"baseline_train_or_eval,baseline_eval","baseline_train_or_eval,baseline_eval",,repo_cloned,"{""baseline_eval"": 0, ""baseline_train_or_eval"": 0}"
tiny_imagenet_200,formal_64,64,titok_1d_tokenizer,TiTok / 1D tokenizer,external_baseline,P1,needs_adapter,,"baseline_train_or_eval,baseline_eval","baseline_train_or_eval,baseline_eval",,repo_cloned,"{""baseline_eval"": 0, ""baseline_train_or_eval"": 0}"
tiny_imagenet_200,formal_64,64,retok,ReTok,external_baseline,P1,needs_adapter,,"baseline_train_or_eval,baseline_eval","baseline_train_or_eval,baseline_eval",,repo_cloned,"{""baseline_eval"": 0, ""baseline_train_or_eval"": 0}"
imagenet_1k_64x64_hf,legacy_64,64,cofitok_light,CoFiTok full,ours,P0,completed,"train,quality,generated_quality",,"train,quality,generated_quality",light_denoise_path,,"{""generated_quality"": 9, ""quality"": 12, ""train"": 10}"
imagenet_1k_64x64_hf,legacy_64,64,same_backbone_dense,Same-backbone dense epsilon/v predictor,internal_baseline,P0,completed,"train,quality,generated_quality",,"train,quality,generated_quality",epsilon_only,internal,"{""generated_quality"": 7, ""quality"": 7, ""train"": 5}"
imagenet_1k_64x64_hf,legacy_64,64,channel_mask,Channel-mask baseline,internal_baseline,P0,completed,"train,quality",,"train,quality",channel_mask,,"{""quality"": 1, ""train"": 1}"
imagenet_1k_64x64_hf,legacy_64,64,cofitok_no_prefix_loss,CoFiTok w/o prefix loss,internal_ablation,P0,completed,"train,quality",,"train,quality",no_prefix_loss_ablation,,"{""quality"": 2, ""train"": 2}"
imagenet_1k_64x64_hf,legacy_64,64,cofitok_no_monotonic_loss,CoFiTok w/o monotonic loss,internal_ablation,P0,completed,"train,quality",,"train,quality",clean_monotonic_ablation,,"{""quality"": 2, ""train"": 2}"
imagenet_1k_64x64_hf,legacy_64,64,cofitok_simultaneous,CoFiTok simultaneous components,internal_ablation,P0,completed,"train,quality",,"train,quality",simultaneous_predictor,,"{""quality"": 1, ""train"": 2}"
imagenet_1k_64x64_hf,legacy_64,64,cofitok_deep_synthesis,CoFiTok deep S_k,internal_ablation,P0,completed,"train,quality",,"train,quality",deep_synthesis_ablation,,"{""quality"": 2, ""train"": 2}"
imagenet_1k_64x64_hf,legacy_64,64,edm,EDM,external_baseline,P0,completed,"baseline_train,baseline_eval",,"baseline_train,baseline_eval",,smoke_passed,"{""baseline_eval"": 1, ""baseline_train"": 1}"
imagenet_1k_64x64_hf,legacy_64,64,improved_diffusion,Improved DDPM,external_baseline,P0,completed,"baseline_train,baseline_eval",,"baseline_train,baseline_eval",,smoke_passed,"{""baseline_eval"": 1, ""baseline_train"": 1}"
imagenet_1k_64x64_hf,legacy_64,64,d_ar,D-AR,external_baseline,P0,protocol_blocked,,"baseline_train,baseline_eval","baseline_train,baseline_eval",,feasibility_only,"{""baseline_eval"": 0, ""baseline_train"": 0}"
imagenet_1k_64x64_hf,legacy_64,64,ml_flextok,FlexTok,external_baseline,P1,needs_adapter,,"baseline_train_or_eval,baseline_eval","baseline_train_or_eval,baseline_eval",,repo_cloned,"{""baseline_eval"": 0, ""baseline_train_or_eval"": 0}"
imagenet_1k_64x64_hf,legacy_64,64,mar,MAR,external_baseline,P1,needs_adapter,,"baseline_train_or_eval,baseline_eval","baseline_train_or_eval,baseline_eval",,repo_cloned,"{""baseline_eval"": 0, ""baseline_train_or_eval"": 0}"
imagenet_1k_64x64_hf,legacy_64,64,titok_1d_tokenizer,TiTok / 1D tokenizer,external_baseline,P1,needs_adapter,,"baseline_train_or_eval,baseline_eval","baseline_train_or_eval,baseline_eval",,repo_cloned,"{""baseline_eval"": 0, ""baseline_train_or_eval"": 0}"
imagenet_1k_64x64_hf,legacy_64,64,retok,ReTok,external_baseline,P1,needs_adapter,,"baseline_train_or_eval,baseline_eval","baseline_train_or_eval,baseline_eval",,repo_cloned,"{""baseline_eval"": 0, ""baseline_train_or_eval"": 0}"
downsampled_imagenet_64,formal_64,64,cofitok_light,CoFiTok full,ours,P0,completed,"train,quality,generated_quality",,"train,quality,generated_quality",light_denoise_path,,"{""generated_quality"": 1, ""quality"": 1, ""train"": 1}"
downsampled_imagenet_64,formal_64,64,same_backbone_dense,Same-backbone dense epsilon/v predictor,internal_baseline,P0,completed,"train,quality,generated_quality",,"train,quality,generated_quality",epsilon_only,internal,"{""generated_quality"": 1, ""quality"": 1, ""train"": 1}"
downsampled_imagenet_64,formal_64,64,channel_mask,Channel-mask baseline,internal_baseline,P0,completed,"train,quality",,"train,quality",channel_mask,,"{""quality"": 1, ""train"": 1}"
downsampled_imagenet_64,formal_64,64,cofitok_no_prefix_loss,CoFiTok w/o prefix loss,internal_ablation,P0,completed,"train,quality",,"train,quality",no_prefix_loss_ablation,,"{""quality"": 1, ""train"": 1}"
downsampled_imagenet_64,formal_64,64,cofitok_no_monotonic_loss,CoFiTok w/o monotonic loss,internal_ablation,P0,completed,"train,quality",,"train,quality",clean_monotonic_ablation,,"{""quality"": 1, ""train"": 1}"
downsampled_imagenet_64,formal_64,64,cofitok_simultaneous,CoFiTok simultaneous components,internal_ablation,P0,completed,"train,quality",,"train,quality",simultaneous_predictor,,"{""quality"": 1, ""train"": 1}"
downsampled_imagenet_64,formal_64,64,cofitok_deep_synthesis,CoFiTok deep S_k,internal_ablation,P0,completed,"train,quality",,"train,quality",deep_synthesis_ablation,,"{""quality"": 1, ""train"": 1}"
downsampled_imagenet_64,formal_64,64,edm,EDM,external_baseline,P0,completed,"baseline_train,baseline_eval",,"baseline_train,baseline_eval",,smoke_passed,"{""baseline_eval"": 1, ""baseline_train"": 1}"
downsampled_imagenet_64,formal_64,64,improved_diffusion,Improved DDPM,external_baseline,P0,completed,"baseline_train,baseline_eval",,"baseline_train,baseline_eval",,smoke_passed,"{""baseline_eval"": 1, ""baseline_train"": 1}"
downsampled_imagenet_64,formal_64,64,d_ar,D-AR,external_baseline,P0,protocol_blocked,,"baseline_train,baseline_eval","baseline_train,baseline_eval",,feasibility_only,"{""baseline_eval"": 0, ""baseline_train"": 0}"
downsampled_imagenet_64,formal_64,64,ml_flextok,FlexTok,external_baseline,P1,needs_adapter,,"baseline_train_or_eval,baseline_eval","baseline_train_or_eval,baseline_eval",,repo_cloned,"{""baseline_eval"": 0, ""baseline_train_or_eval"": 0}"
downsampled_imagenet_64,formal_64,64,mar,MAR,external_baseline,P1,needs_adapter,,"baseline_train_or_eval,baseline_eval","baseline_train_or_eval,baseline_eval",,repo_cloned,"{""baseline_eval"": 0, ""baseline_train_or_eval"": 0}"
downsampled_imagenet_64,formal_64,64,titok_1d_tokenizer,TiTok / 1D tokenizer,external_baseline,P1,needs_adapter,,"baseline_train_or_eval,baseline_eval","baseline_train_or_eval,baseline_eval",,repo_cloned,"{""baseline_eval"": 0, ""baseline_train_or_eval"": 0}"
downsampled_imagenet_64,formal_64,64,retok,ReTok,external_baseline,P1,needs_adapter,,"baseline_train_or_eval,baseline_eval","baseline_train_or_eval,baseline_eval",,repo_cloned,"{""baseline_eval"": 0, ""baseline_train_or_eval"": 0}"
ffhq_64,formal_64,64,cofitok_light,CoFiTok full,ours,P0,completed,"train,quality,generated_quality",,"train,quality,generated_quality",light_denoise_path,,"{""generated_quality"": 1, ""quality"": 1, ""train"": 1}"
ffhq_64,formal_64,64,same_backbone_dense,Same-backbone dense epsilon/v predictor,internal_baseline,P0,completed,"train,quality,generated_quality",,"train,quality,generated_quality",epsilon_only,internal,"{""generated_quality"": 1, ""quality"": 1, ""train"": 1}"
ffhq_64,formal_64,64,channel_mask,Channel-mask baseline,internal_baseline,P0,completed,"train,quality",,"train,quality",channel_mask,,"{""quality"": 1, ""train"": 1}"
ffhq_64,formal_64,64,cofitok_no_prefix_loss,CoFiTok w/o prefix loss,internal_ablation,P0,completed,"train,quality",,"train,quality",no_prefix_loss_ablation,,"{""quality"": 1, ""train"": 1}"
ffhq_64,formal_64,64,cofitok_no_monotonic_loss,CoFiTok w/o monotonic loss,internal_ablation,P0,completed,"train,quality",,"train,quality",clean_monotonic_ablation,,"{""quality"": 1, ""train"": 1}"
ffhq_64,formal_64,64,cofitok_simultaneous,CoFiTok simultaneous components,internal_ablation,P0,completed,"train,quality",,"train,quality",simultaneous_predictor,,"{""quality"": 1, ""train"": 1}"
ffhq_64,formal_64,64,cofitok_deep_synthesis,CoFiTok deep S_k,internal_ablation,P0,completed,"train,quality",,"train,quality",deep_synthesis_ablation,,"{""quality"": 1, ""train"": 1}"
ffhq_64,formal_64,64,edm,EDM,external_baseline,P0,completed,"baseline_train,baseline_eval",,"baseline_train,baseline_eval",,smoke_passed,"{""baseline_eval"": 1, ""baseline_train"": 1}"
ffhq_64,formal_64,64,improved_diffusion,Improved DDPM,external_baseline,P0,completed,"baseline_train,baseline_eval",,"baseline_train,baseline_eval",,smoke_passed,"{""baseline_eval"": 1, ""baseline_train"": 1}"
ffhq_64,formal_64,64,d_ar,D-AR,external_baseline,P0,protocol_blocked,,"baseline_train,baseline_eval","baseline_train,baseline_eval",,feasibility_only,"{""baseline_eval"": 0, ""baseline_train"": 0}"
ffhq_64,formal_64,64,ml_flextok,FlexTok,external_baseline,P1,needs_adapter,,"baseline_train_or_eval,baseline_eval","baseline_train_or_eval,baseline_eval",,repo_cloned,"{""baseline_eval"": 0, ""baseline_train_or_eval"": 0}"
ffhq_64,formal_64,64,mar,MAR,external_baseline,P1,needs_adapter,,"baseline_train_or_eval,baseline_eval","baseline_train_or_eval,baseline_eval",,repo_cloned,"{""baseline_eval"": 0, ""baseline_train_or_eval"": 0}"
ffhq_64,formal_64,64,titok_1d_tokenizer,TiTok / 1D tokenizer,external_baseline,P1,needs_adapter,,"baseline_train_or_eval,baseline_eval","baseline_train_or_eval,baseline_eval",,repo_cloned,"{""baseline_eval"": 0, ""baseline_train_or_eval"": 0}"
ffhq_64,formal_64,64,retok,ReTok,external_baseline,P1,needs_adapter,,"baseline_train_or_eval,baseline_eval","baseline_train_or_eval,baseline_eval",,repo_cloned,"{""baseline_eval"": 0, ""baseline_train_or_eval"": 0}"
afhqv2_64,formal_64,64,cofitok_light,CoFiTok full,ours,P0,completed,"train,quality,generated_quality",,"train,quality,generated_quality",light_denoise_path,,"{""generated_quality"": 1, ""quality"": 1, ""train"": 1}"
afhqv2_64,formal_64,64,same_backbone_dense,Same-backbone dense epsilon/v predictor,internal_baseline,P0,completed,"train,quality,generated_quality",,"train,quality,generated_quality",epsilon_only,internal,"{""generated_quality"": 1, ""quality"": 1, ""train"": 1}"
afhqv2_64,formal_64,64,channel_mask,Channel-mask baseline,internal_baseline,P0,completed,"train,quality",,"train,quality",channel_mask,,"{""quality"": 1, ""train"": 1}"
afhqv2_64,formal_64,64,cofitok_no_prefix_loss,CoFiTok w/o prefix loss,internal_ablation,P0,completed,"train,quality",,"train,quality",no_prefix_loss_ablation,,"{""quality"": 1, ""train"": 1}"
afhqv2_64,formal_64,64,cofitok_no_monotonic_loss,CoFiTok w/o monotonic loss,internal_ablation,P0,completed,"train,quality",,"train,quality",clean_monotonic_ablation,,"{""quality"": 1, ""train"": 1}"
afhqv2_64,formal_64,64,cofitok_simultaneous,CoFiTok simultaneous components,internal_ablation,P0,completed,"train,quality",,"train,quality",simultaneous_predictor,,"{""quality"": 1, ""train"": 1}"
afhqv2_64,formal_64,64,cofitok_deep_synthesis,CoFiTok deep S_k,internal_ablation,P0,completed,"train,quality",,"train,quality",deep_synthesis_ablation,,"{""quality"": 1, ""train"": 1}"
afhqv2_64,formal_64,64,edm,EDM,external_baseline,P0,completed,"baseline_train,baseline_eval",,"baseline_train,baseline_eval",,smoke_passed,"{""baseline_eval"": 1, ""baseline_train"": 1}"
afhqv2_64,formal_64,64,improved_diffusion,Improved DDPM,external_baseline,P0,completed,"baseline_train,baseline_eval",,"baseline_train,baseline_eval",,smoke_passed,"{""baseline_eval"": 1, ""baseline_train"": 1}"
afhqv2_64,formal_64,64,d_ar,D-AR,external_baseline,P0,protocol_blocked,,"baseline_train,baseline_eval","baseline_train,baseline_eval",,feasibility_only,"{""baseline_eval"": 0, ""baseline_train"": 0}"
afhqv2_64,formal_64,64,ml_flextok,FlexTok,external_baseline,P1,needs_adapter,,"baseline_train_or_eval,baseline_eval","baseline_train_or_eval,baseline_eval",,repo_cloned,"{""baseline_eval"": 0, ""baseline_train_or_eval"": 0}"
afhqv2_64,formal_64,64,mar,MAR,external_baseline,P1,needs_adapter,,"baseline_train_or_eval,baseline_eval","baseline_train_or_eval,baseline_eval",,repo_cloned,"{""baseline_eval"": 0, ""baseline_train_or_eval"": 0}"
afhqv2_64,formal_64,64,titok_1d_tokenizer,TiTok / 1D tokenizer,external_baseline,P1,needs_adapter,,"baseline_train_or_eval,baseline_eval","baseline_train_or_eval,baseline_eval",,repo_cloned,"{""baseline_eval"": 0, ""baseline_train_or_eval"": 0}"
afhqv2_64,formal_64,64,retok,ReTok,external_baseline,P1,needs_adapter,,"baseline_train_or_eval,baseline_eval","baseline_train_or_eval,baseline_eval",,repo_cloned,"{""baseline_eval"": 0, ""baseline_train_or_eval"": 0}"
imagenet_256_10pct,formal_256_scaling,256,cofitok_light,CoFiTok full,ours,P0,missing,,"train,quality,generated_quality","train,quality,generated_quality",light_denoise_path,,"{""generated_quality"": 0, ""quality"": 0, ""train"": 0}"
imagenet_256_10pct,formal_256_scaling,256,same_backbone_dense,Same-backbone dense epsilon/v predictor,internal_baseline,P0,missing,,"train,quality,generated_quality","train,quality,generated_quality",epsilon_only,internal,"{""generated_quality"": 0, ""quality"": 0, ""train"": 0}"
imagenet_256_10pct,formal_256_scaling,256,channel_mask,Channel-mask baseline,internal_baseline,P0,missing,,"train,quality","train,quality",channel_mask,,"{""quality"": 0, ""train"": 0}"
imagenet_256_10pct,formal_256_scaling,256,cofitok_no_prefix_loss,CoFiTok w/o prefix loss,internal_ablation,P0,missing,,"train,quality","train,quality",no_prefix_loss_ablation,,"{""quality"": 0, ""train"": 0}"
imagenet_256_10pct,formal_256_scaling,256,cofitok_no_monotonic_loss,CoFiTok w/o monotonic loss,internal_ablation,P0,missing,,"train,quality","train,quality",clean_monotonic_ablation,,"{""quality"": 0, ""train"": 0}"
imagenet_256_10pct,formal_256_scaling,256,cofitok_simultaneous,CoFiTok simultaneous components,internal_ablation,P0,missing,,"train,quality","train,quality",simultaneous_predictor,,"{""quality"": 0, ""train"": 0}"
imagenet_256_10pct,formal_256_scaling,256,cofitok_deep_synthesis,CoFiTok deep S_k,internal_ablation,P0,missing,,"train,quality","train,quality",deep_synthesis_ablation,,"{""quality"": 0, ""train"": 0}"
imagenet_256_10pct,formal_256_scaling,256,edm,EDM,external_baseline,P0,missing,,"baseline_train,baseline_eval","baseline_train,baseline_eval",,smoke_passed,"{""baseline_eval"": 0, ""baseline_train"": 0}"
imagenet_256_10pct,formal_256_scaling,256,improved_diffusion,Improved DDPM,external_baseline,P0,missing,,"baseline_train,baseline_eval","baseline_train,baseline_eval",,smoke_passed,"{""baseline_eval"": 0, ""baseline_train"": 0}"
imagenet_256_10pct,formal_256_scaling,256,d_ar,D-AR,external_baseline,P0,protocol_blocked,,"baseline_train,baseline_eval","baseline_train,baseline_eval",,feasibility_only,"{""baseline_eval"": 0, ""baseline_train"": 0}"
imagenet_256_10pct,formal_256_scaling,256,ml_flextok,FlexTok,external_baseline,P1,needs_adapter,,"baseline_train_or_eval,baseline_eval","baseline_train_or_eval,baseline_eval",,repo_cloned,"{""baseline_eval"": 0, ""baseline_train_or_eval"": 0}"
imagenet_256_10pct,formal_256_scaling,256,mar,MAR,external_baseline,P1,needs_adapter,,"baseline_train_or_eval,baseline_eval","baseline_train_or_eval,baseline_eval",,repo_cloned,"{""baseline_eval"": 0, ""baseline_train_or_eval"": 0}"
imagenet_256_10pct,formal_256_scaling,256,titok_1d_tokenizer,TiTok / 1D tokenizer,external_baseline,P1,needs_adapter,,"baseline_train_or_eval,baseline_eval","baseline_train_or_eval,baseline_eval",,repo_cloned,"{""baseline_eval"": 0, ""baseline_train_or_eval"": 0}"
imagenet_256_10pct,formal_256_scaling,256,retok,ReTok,external_baseline,P1,needs_adapter,,"baseline_train_or_eval,baseline_eval","baseline_train_or_eval,baseline_eval",,repo_cloned,"{""baseline_eval"": 0, ""baseline_train_or_eval"": 0}"
imagenet_256,formal_256_full,256,cofitok_light,CoFiTok full,ours,P0,missing,,"train,quality,generated_quality","train,quality,generated_quality",light_denoise_path,,"{""generated_quality"": 0, ""quality"": 0, ""train"": 0}"
imagenet_256,formal_256_full,256,same_backbone_dense,Same-backbone dense epsilon/v predictor,internal_baseline,P0,missing,,"train,quality,generated_quality","train,quality,generated_quality",epsilon_only,internal,"{""generated_quality"": 0, ""quality"": 0, ""train"": 0}"
imagenet_256,formal_256_full,256,channel_mask,Channel-mask baseline,internal_baseline,P0,missing,,"train,quality","train,quality",channel_mask,,"{""quality"": 0, ""train"": 0}"
imagenet_256,formal_256_full,256,cofitok_no_prefix_loss,CoFiTok w/o prefix loss,internal_ablation,P0,missing,,"train,quality","train,quality",no_prefix_loss_ablation,,"{""quality"": 0, ""train"": 0}"
imagenet_256,formal_256_full,256,cofitok_no_monotonic_loss,CoFiTok w/o monotonic loss,internal_ablation,P0,missing,,"train,quality","train,quality",clean_monotonic_ablation,,"{""quality"": 0, ""train"": 0}"
imagenet_256,formal_256_full,256,cofitok_simultaneous,CoFiTok simultaneous components,internal_ablation,P0,missing,,"train,quality","train,quality",simultaneous_predictor,,"{""quality"": 0, ""train"": 0}"
imagenet_256,formal_256_full,256,cofitok_deep_synthesis,CoFiTok deep S_k,internal_ablation,P0,missing,,"train,quality","train,quality",deep_synthesis_ablation,,"{""quality"": 0, ""train"": 0}"
imagenet_256,formal_256_full,256,edm,EDM,external_baseline,P0,missing,,"baseline_train,baseline_eval","baseline_train,baseline_eval",,smoke_passed,"{""baseline_eval"": 0, ""baseline_train"": 0}"
imagenet_256,formal_256_full,256,improved_diffusion,Improved DDPM,external_baseline,P0,missing,,"baseline_train,baseline_eval","baseline_train,baseline_eval",,smoke_passed,"{""baseline_eval"": 0, ""baseline_train"": 0}"
imagenet_256,formal_256_full,256,d_ar,D-AR,external_baseline,P0,protocol_blocked,,"baseline_train,baseline_eval","baseline_train,baseline_eval",,feasibility_only,"{""baseline_eval"": 0, ""baseline_train"": 0}"
imagenet_256,formal_256_full,256,ml_flextok,FlexTok,external_baseline,P1,needs_adapter,,"baseline_train_or_eval,baseline_eval","baseline_train_or_eval,baseline_eval",,repo_cloned,"{""baseline_eval"": 0, ""baseline_train_or_eval"": 0}"
imagenet_256,formal_256_full,256,mar,MAR,external_baseline,P1,needs_adapter,,"baseline_train_or_eval,baseline_eval","baseline_train_or_eval,baseline_eval",,repo_cloned,"{""baseline_eval"": 0, ""baseline_train_or_eval"": 0}"
imagenet_256,formal_256_full,256,titok_1d_tokenizer,TiTok / 1D tokenizer,external_baseline,P1,needs_adapter,,"baseline_train_or_eval,baseline_eval","baseline_train_or_eval,baseline_eval",,repo_cloned,"{""baseline_eval"": 0, ""baseline_train_or_eval"": 0}"
imagenet_256,formal_256_full,256,retok,ReTok,external_baseline,P1,needs_adapter,,"baseline_train_or_eval,baseline_eval","baseline_train_or_eval,baseline_eval",,repo_cloned,"{""baseline_eval"": 0, ""baseline_train_or_eval"": 0}"
