dataset,protocol,train_steps,method,display_name,status,evidence,sample_nfe,sample_lowres_frechet,sample_inception_frechet,denoise_psnr,denoise_inception_frechet,denoise_lpips,path_auc,effective_tokens,zero_token_ratio
cifar10,32x32 smoke,3000,cofitok_light,CoFiTok,completed,"train,quality,generated_quality",50,7.26628400341152,313.8881060808702,14.117879986548111,367.7884483289044,,0.09602397015052182,6.847324330404836,0.0
cifar10,32x32 smoke,3000,same_backbone_dense,Dense epsilon,completed,"train,quality,generated_quality",50,6.42897250404268,320.1375688725353,14.390476661822952,334.0694383258299,0.16389650106430054,1.3022162999425615,5.159063349338261,0.0
cifar10,32x32 smoke,3000,channel_mask,Channel mask,completed,"train,quality",,,,12.937694805520339,,,5.019766877804484,1.0962579098594605,0.0
cifar10,32x32 smoke,3000,cofitok_no_prefix_loss,No prefix loss,completed,"train,quality",,,,14.285832809427298,310.81789274933203,0.16448542475700378,0.14724184399736778,6.723166762718239,0.0
cifar10,32x32 smoke,3000,cofitok_no_monotonic_loss,No monotonic loss,completed,"train,quality",,,,14.352750652596125,310.42463288416377,0.1518278867006302,0.10323328125689711,6.739835666518657,0.0
cifar10,32x32 smoke,3000,cofitok_simultaneous,Simultaneous,completed,"train,quality",,,,14.4165855606111,311.625408358859,0.15800133161246777,0.09409167444599527,6.923969811884298,0.0
cifar10,32x32 smoke,3000,cofitok_deep_synthesis,Deep S_k,completed,"train,quality",,,,14.101815374474175,295.6173426826726,0.16905330121517181,0.058317238464951515,6.790080386237465,0.061934541910886765
cifar10,32x32 smoke,3000,improved_diffusion,Improved DDPM,completed,"baseline_train,baseline_eval",50,7.8610039072364755,498.64594463276137,,,,,,
cifar10,32x32 smoke,3000,edm,EDM,completed,"baseline_train,baseline_eval",79,2.8680827656489063,351.16575166569066,,,,,,
cifar10,32x32 smoke,3000,d_ar,D-AR,protocol_blocked,feasibility_report,,,,,,,,,
tiny_imagenet_200,64x64,5000,cofitok_light,CoFiTok,completed,"train,quality,generated_quality",50,8.219693173877044,373.23502397820016,14.249674575803976,,,0.07627656896199499,6.843034763255056,0.0
tiny_imagenet_200,64x64,5000,same_backbone_dense,Dense epsilon,completed,"train,quality,generated_quality",50,8.267616088585038,385.5077538897933,14.374743635787215,346.72604585694694,0.5688748732209206,0.8459047962512288,5.377338493768649,0.0
tiny_imagenet_200,64x64,5000,channel_mask,Channel mask,completed,"train,quality",,,,12.954610979278602,,,4.946076078074319,1.1640164914420992,
tiny_imagenet_200,64x64,5000,cofitok_no_prefix_loss,No prefix loss,completed,"train,quality",,,,14.493757818097915,329.97609513717236,0.556021936237812,0.1122341241155352,6.570695572078357,0.0
tiny_imagenet_200,64x64,5000,cofitok_no_monotonic_loss,No monotonic loss,completed,"train,quality",,,,14.327161910928112,349.1997856223962,0.546789888292551,0.0726724062114954,6.765209693182966,0.0
tiny_imagenet_200,64x64,5000,cofitok_simultaneous,Simultaneous,completed,"train,quality",,,,14.27777453552222,338.9334922338461,0.5595599412918091,0.07517398361648832,6.871676960784846,0.0
tiny_imagenet_200,64x64,5000,cofitok_deep_synthesis,Deep S_k,completed,"train,quality",,,,14.39830822532953,321.92534572042257,0.5747742876410484,0.04769849205123527,6.888914326074404,0.050537750124931335
tiny_imagenet_200,64x64,5000,improved_diffusion,Improved DDPM,completed,"baseline_train,baseline_eval",50,9.0747346839439,381.23827236998477,,,,,,
tiny_imagenet_200,64x64,5000,edm,EDM,completed,"baseline_train,baseline_eval",79,3.099583559119309,268.7190000188071,,,,,,
tiny_imagenet_200,64x64,5000,d_ar,D-AR,protocol_blocked,feasibility_report,,,,,,,,,
imagenet_1k_64x64_hf,64x64 HF,5000,cofitok_light,CoFiTok,completed,"train,quality,generated_quality",50,8.533712805690053,374.35234759284276,15.062061211552457,341.2256051589552,0.5463289171457291,0.06412318748022829,6.767741756514339,0.0
imagenet_1k_64x64_hf,64x64 HF,5000,same_backbone_dense,Dense epsilon,completed,"train,quality,generated_quality",50,7.67468186337346,388.1463497872908,15.13139755804086,325.56716299389905,0.554108515381813,0.8837306760251522,5.399607161235092,0.0
imagenet_1k_64x64_hf,64x64 HF,5000,channel_mask,Channel mask,completed,"train,quality",,,,13.5929393493204,,,4.8844171821006706,1.111378188409333,0.0
imagenet_1k_64x64_hf,64x64 HF,5000,cofitok_no_prefix_loss,No prefix loss,completed,"train,quality",,,,14.93180999861767,305.8822272010618,0.5417431890964508,0.09392996158983026,6.559790763067958,0.0
imagenet_1k_64x64_hf,64x64 HF,5000,cofitok_no_monotonic_loss,No monotonic loss,completed,"train,quality",,,,14.903977254369142,339.38323919063396,0.5301431939005852,0.06578289118728467,6.772634862050262,0.0
imagenet_1k_64x64_hf,64x64 HF,5000,cofitok_simultaneous,Simultaneous,completed,"train,quality",,,,14.903605639448752,318.74851479264555,0.5756500065326691,0.0723053075905357,6.800998911031761,0.0
imagenet_1k_64x64_hf,64x64 HF,5000,cofitok_deep_synthesis,Deep S_k,completed,"train,quality",,,,13.779007774542901,298.04043156275634,0.6152905225753784,0.04332395962306431,6.747716927836551,0.044966015964746475
imagenet_1k_64x64_hf,64x64 HF,5000,improved_diffusion,Improved DDPM,completed,"baseline_train,baseline_eval",50,8.883037715101102,378.3324602547109,,,,,,
imagenet_1k_64x64_hf,64x64 HF,5000,edm,EDM,completed,"baseline_train,baseline_eval",79,3.228504037402854,258.4005064476586,,,,,,
imagenet_1k_64x64_hf,64x64 HF,5000,d_ar,D-AR,protocol_blocked,feasibility_report,,,,,,,,,
downsampled_imagenet_64,64x64 strict,5000,cofitok_light,CoFiTok,completed,"train,quality,generated_quality",50,8.355380816355524,374.6833211029276,14.52147508895212,307.85575728479915,0.5415105782449245,0.06812273418264729,6.816560233713641,0.0
downsampled_imagenet_64,64x64 strict,5000,same_backbone_dense,Dense epsilon,completed,"train,quality,generated_quality",50,7.577812659398078,377.11908568974957,14.651084187745635,283.7164829627329,0.5554325766861439,1.0403179127190794,5.3762934422803195,0.0
downsampled_imagenet_64,64x64 strict,5000,channel_mask,Channel mask,completed,"train,quality",,,,13.250280617095136,257.74738604248694,0.6823193356394768,4.903067118355206,1.1123639499880713,0.0
downsampled_imagenet_64,64x64 strict,5000,cofitok_no_prefix_loss,No prefix loss,completed,"train,quality",,,,14.473724973591192,306.5018938508365,0.5470759943127632,0.09533826341586453,6.572800843896454,0.0
downsampled_imagenet_64,64x64 strict,5000,cofitok_no_monotonic_loss,No monotonic loss,completed,"train,quality",,,,14.663516521379147,319.4717141338655,0.5510400906205177,0.0643927130315985,6.826100800610612,0.0
downsampled_imagenet_64,64x64 strict,5000,cofitok_simultaneous,Simultaneous,completed,"train,quality",,,,14.58630176684532,306.6071206523917,0.5447608232498169,0.06809995962040764,6.887179086556721,0.0
downsampled_imagenet_64,64x64 strict,5000,cofitok_deep_synthesis,Deep S_k,completed,"train,quality",,,,14.50189022285771,289.4443309474798,0.5501925833523273,0.03972585239846792,6.7542539617942685,0.05347995460033417
downsampled_imagenet_64,64x64 strict,5000,improved_diffusion,Improved DDPM,completed,"baseline_train,baseline_eval",50,8.804418110119745,355.10614289345926,,,,,,
downsampled_imagenet_64,64x64 strict,5000,edm,EDM,completed,"baseline_train,baseline_eval",79,2.7540114242858196,248.3075505878844,,,,,,
downsampled_imagenet_64,64x64 strict,5000,d_ar,D-AR,protocol_blocked,feasibility_report,,,,,,,,,
ffhq_64,64x64,5000,cofitok_light,CoFiTok,completed,"train,quality,generated_quality",50,8.737876966314342,425.7088653024866,15.024007154107888,355.76102263286225,0.5026991069316864,0.06822829387549843,6.818310856995398,0.0
ffhq_64,64x64,5000,same_backbone_dense,Dense epsilon,completed,"train,quality,generated_quality",50,8.088101433963073,424.1108256360812,15.144207282398387,344.16280338364083,0.4925216604024172,1.0807267986238003,5.415471530357965,0.0
ffhq_64,64x64,5000,channel_mask,Channel mask,completed,"train,quality",,,,13.285442535796594,307.0517486565726,0.653544045984745,4.877475644860949,1.1131526689621274,0.0
ffhq_64,64x64,5000,cofitok_no_prefix_loss,No prefix loss,completed,"train,quality",,,,14.947708130755398,365.69979856352825,0.4793796166777611,0.09963527441556964,6.522770039397141,0.0
ffhq_64,64x64,5000,cofitok_no_monotonic_loss,No monotonic loss,completed,"train,quality",,,,15.13498222552115,358.2655509762922,0.47085687331855297,0.06716050819626876,6.769591812710388,0.0
ffhq_64,64x64,5000,cofitok_simultaneous,Simultaneous,completed,"train,quality",,,,15.156946374687635,341.5908950542505,0.4883761778473854,0.06374235225043126,6.861113259825649,0.0
ffhq_64,64x64,5000,cofitok_deep_synthesis,Deep S_k,completed,"train,quality",,,,14.951145469564082,328.13405077115294,0.5211228132247925,0.045646446623972485,6.787238345582562,0.05183367058634758
ffhq_64,64x64,5000,improved_diffusion,Improved DDPM,completed,"baseline_train,baseline_eval",50,9.435978870946819,369.00541295678664,,,,,,
ffhq_64,64x64,5000,edm,EDM,completed,"baseline_train,baseline_eval",79,2.5077071461475207,325.4897769846005,,,,,,
ffhq_64,64x64,5000,d_ar,D-AR,protocol_blocked,feasibility_report,,,,,,,,,
afhqv2_64,64x64,5000,cofitok_light,CoFiTok,completed,"train,quality,generated_quality",50,7.0780572877931425,331.0574038258805,15.167191914164803,265.0386909240869,0.43661915324628353,0.06434416331882988,6.818504819239168,0.0
afhqv2_64,64x64,5000,same_backbone_dense,Dense epsilon,completed,"train,quality,generated_quality",50,6.579158283451607,345.9385928805596,15.195914726628292,251.50741695420754,0.45465160347521305,1.0117721964738198,5.461851498945411,0.0
afhqv2_64,64x64,5000,channel_mask,Channel mask,completed,"train,quality",,,,13.38362394370871,262.90118180498337,0.6254692748188972,4.748266390391758,1.1124385616572507,0.0
afhqv2_64,64x64,5000,cofitok_no_prefix_loss,No prefix loss,completed,"train,quality",,,,15.080936877370036,257.0475963863214,0.4444106686860323,0.09357279219797679,6.537933622885137,0.0
afhqv2_64,64x64,5000,cofitok_no_monotonic_loss,No monotonic loss,completed,"train,quality",,,,15.160879503430401,282.349110421682,0.4510429557412863,0.0665016013330647,6.753061678797444,0.0
afhqv2_64,64x64,5000,cofitok_simultaneous,Simultaneous,completed,"train,quality",,,,15.105001025171482,245.00185527905364,0.46293102391064167,0.06036976232592549,6.846111663542767,0.0
afhqv2_64,64x64,5000,cofitok_deep_synthesis,Deep S_k,completed,"train,quality",,,,15.109751514279736,255.62276894148783,0.4552092719823122,0.04166295479184815,6.793912364252545,0.05612469092011452
afhqv2_64,64x64,5000,improved_diffusion,Improved DDPM,completed,"baseline_train,baseline_eval",50,8.291808750162996,335.18135687651903,,,,,,
afhqv2_64,64x64,5000,edm,EDM,completed,"baseline_train,baseline_eval",79,1.9621273075384704,230.39794041164038,,,,,,
afhqv2_64,64x64,5000,d_ar,D-AR,protocol_blocked,feasibility_report,,,,,,,,,
imagenet_256_10pct,256x256 10pct,5000,cofitok_light,CoFiTok,completed,"train,quality,generated_quality",50,10.44227718489226,414.1862559303485,13.62675966083616,330.27435488731004,0.8961800169199705,0.13468520094950995,3.354070341363795,0.0
imagenet_256_10pct,256x256 10pct,5000,same_backbone_dense,Dense epsilon,completed,"train,quality,generated_quality",50,10.506171169741648,337.8743080972671,13.866923476755602,330.78619350636916,0.8920103926211596,1.560863917072614,3.6639210318143944,0.0
imagenet_256_10pct,256x256 10pct,5000,channel_mask,Channel mask,completed,"train,quality",,,,13.806999749191462,338.2386313461185,0.8781964257359505,3.493333175778389,1.0683732515826292,0.0
imagenet_256_10pct,256x256 10pct,5000,cofitok_no_prefix_loss,No prefix loss,completed,"train,quality",,,,13.865415209380258,323.1634976116941,0.8813792672008276,0.1699850137035052,3.39845170057408,0.0
imagenet_256_10pct,256x256 10pct,5000,cofitok_no_monotonic_loss,No monotonic loss,completed,"train,quality",,,,13.852833623277476,308.72362674405787,0.8141956683248281,0.11571902719636758,3.398204611394474,0.0
imagenet_256_10pct,256x256 10pct,5000,cofitok_simultaneous,Simultaneous,completed,"train,quality",,,,13.850296032101792,312.5193085939605,0.8625809196382761,0.13148742790023485,3.412240091449968,0.0
imagenet_256_10pct,256x256 10pct,5000,cofitok_deep_synthesis,Deep S_k,completed,"train,quality",,,,14.48276921608597,325.19341767415796,0.8572305366396904,0.054455267575879894,3.393528805461314,0.017898470163345337
imagenet_256_10pct,256x256 10pct,5000,improved_diffusion,Improved DDPM,completed,"baseline_train,baseline_eval",50,10.398931268707093,419.5980965576158,,,,,,
imagenet_256_10pct,256x256 10pct,5000,edm,EDM,completed,"baseline_train,baseline_eval",79,10.391831973011454,368.67878417375357,,,,,,
imagenet_256_10pct,256x256 10pct,5000,d_ar,D-AR,protocol_blocked,feasibility_report,,,,,,,,,
imagenet_256,256x256 full,5000,cofitok_light,CoFiTok,completed,"train,quality,generated_quality",50,10.543146346416167,417.2550698492548,13.808871932624367,329.20572768317163,0.8438465325161815,0.12551674246788025,3.3671530708340875,0.0
imagenet_256,256x256 full,5000,same_backbone_dense,Dense epsilon,completed,"train,quality,generated_quality",50,10.280258394246001,354.42955597001696,13.876503476393204,323.9320901754454,0.8359523816034198,1.4916858275731404,3.663264598665482,0.0
imagenet_256,256x256 full,5000,channel_mask,Channel mask,completed,"train,quality",,,,13.761156829813242,340.7570434338231,0.8794440729543567,3.5298863227168717,1.067917221134121,0.0
imagenet_256,256x256 full,5000,cofitok_no_prefix_loss,No prefix loss,completed,"train,quality",,,,13.388415566614142,324.30953908077595,0.8811985515058041,0.17306354890267053,3.3972607143297773,0.0
imagenet_256,256x256 full,5000,cofitok_no_monotonic_loss,No monotonic loss,completed,"train,quality",,,,13.654287291974363,312.4115963016011,0.8208970166742802,0.12096429864565532,3.4037285810145885,0.0
imagenet_256,256x256 full,5000,cofitok_simultaneous,Simultaneous,completed,"train,quality",,,,13.974407069524462,313.5436709516937,0.8475490408018231,0.12920858152210712,3.417386501759326,0.0
imagenet_256,256x256 full,5000,cofitok_deep_synthesis,Deep S_k,completed,"train,quality",,,,14.653287162663158,322.08345767620335,0.8277556328102946,0.052131050576766334,3.371786574006199,0.018471069633960724
imagenet_256,256x256 full,5000,improved_diffusion,Improved DDPM,completed,"baseline_train,baseline_eval",50,10.399754074308822,414.2991461551007,,,,,,
imagenet_256,256x256 full,5000,edm,EDM,completed,"baseline_train,baseline_eval",79,10.397463730243391,368.4282242177966,,,,,,
imagenet_256,256x256 full,5000,d_ar,D-AR,protocol_blocked,feasibility_report,,,,,,,,,
