dataset,method,display_name,method_type,train_steps,sample_nfe,sample_lowres_frechet,sample_inception_frechet,denoise_psnr,denoise_lpips,path_auc,clean_auc,effective_tokens,zero_token_ratio,shuffled_final_ratio,evidence
downsampled_imagenet_64,cofitok_light,CoFiTok,internal,5000,50,8.355380816355524,374.6833211029276,14.52147508895212,0.5415105782449245,0.06812273418264729,4.637785155326128,6.816560233713641,0.0,193.7739080004384,"train,quality,generated_quality"
downsampled_imagenet_64,same_backbone_dense,Dense epsilon,internal,5000,50,7.577812659398078,377.11908568974957,14.651084187745635,0.5554325766861439,1.0403179127190794,6.872524803238256,5.3762934422803195,0.0,202.5346514490919,"train,quality,generated_quality"
downsampled_imagenet_64,channel_mask,Channel mask,internal,5000,,,,13.250280617095136,0.6823193356394768,4.903067118355206,0.20355540939739772,1.1123639499880713,0.0,149.9817527070983,"train,quality"
downsampled_imagenet_64,improved_diffusion,improved_diffusion,external,5000,50,8.804418110119745,355.10614289345926,,,,,,,,"baseline_train,baseline_eval"
downsampled_imagenet_64,edm,edm,external,5000,79,2.7540114242858196,248.3075505878844,,,,,,,,"baseline_train,baseline_eval"
ffhq_64,cofitok_light,CoFiTok,internal,5000,50,8.737876966314342,425.7088653024866,15.024007154107888,0.5026991069316864,0.06822829387549843,4.637801672731127,6.818310856995398,0.0,187.23143269283872,"train,quality,generated_quality"
ffhq_64,same_backbone_dense,Dense epsilon,internal,5000,50,8.088101433963073,424.1108256360812,15.144207282398387,0.4925216604024172,1.0807267986238003,6.94880353978702,5.415471530357965,0.0,191.7210639207763,"train,quality,generated_quality"
ffhq_64,channel_mask,Channel mask,internal,5000,,,,13.285442535796594,0.653544045984745,4.877475644860949,0.23998384603432246,1.1131526689621274,0.0,129.0703559472227,"train,quality"
ffhq_64,improved_diffusion,improved_diffusion,external,5000,50,9.435978870946819,369.00541295678664,,,,,,,,"baseline_train,baseline_eval"
ffhq_64,edm,edm,external,5000,79,2.5077071461475207,325.4897769846005,,,,,,,,"baseline_train,baseline_eval"
afhqv2_64,cofitok_light,CoFiTok,internal,5000,50,7.0780572877931425,331.0574038258805,15.167191914164803,0.43661915324628353,0.06434416331882988,4.654429405927658,6.818504819239168,0.0,189.5073396114494,"train,quality,generated_quality"
afhqv2_64,same_backbone_dense,Dense epsilon,internal,5000,50,6.579158283451607,345.9385928805596,15.195914726628292,0.45465160347521305,1.0117721964738198,6.910753456077406,5.461851498945411,0.0,190.2129994390919,"train,quality,generated_quality"
afhqv2_64,channel_mask,Channel mask,internal,5000,,,,13.38362394370871,0.6254692748188972,4.748266390391758,0.21436885850770132,1.1124385616572507,0.0,139.88142314138304,"train,quality"
afhqv2_64,improved_diffusion,improved_diffusion,external,5000,50,8.291808750162996,335.18135687651903,,,,,,,,"baseline_train,baseline_eval"
afhqv2_64,edm,edm,external,5000,79,1.9621273075384704,230.39794041164038,,,,,,,,"baseline_train,baseline_eval"
