id,variant,display,dataset,seed,token_count,endpoint_mse,endpoint_psnr_db,path_auc,effective_k,energy_entropy_normalized,zero_ratio,mean_abs_component_cosine,train_report,quality_report
deep_synthesis_seed103,deep_synthesis,Deep synthesis,imagenet_1k_64x64_hf,103,8,0.17116415034979582,13.686471827135367,0.0498754545509915,6.7512670732728255,0.9183860972039947,0.04497977577064471,0.8860387908560889,/root/autodl-tmp/CoFiTok/checkpoints/train_imagenet_1k_64x64_hf_k8_denoisepath_p150_light_deepsk_5k_seed2_2026-07-08/report.json,/root/autodl-tmp/CoFiTok/checkpoints/aaai27_ablation_2026-07-11/eval/deep_synthesis_seed103/quality_report.json
deep_synthesis_seed139,deep_synthesis,Deep synthesis,imagenet_1k_64x64_hf,139,8,0.1280759333167225,14.945924619712638,0.04270109694126794,6.796496153831174,0.9215970583816157,0.052041637212894544,0.8419181385210582,/root/autodl-tmp/CoFiTok/checkpoints/imagenet_1k_64x64_hf_k8_denoisepath_p150_light_deepsk_5k_cuda/report.json,/root/autodl-tmp/CoFiTok/checkpoints/aaai27_ablation_2026-07-11/eval/deep_synthesis_seed139/quality_report.json
direct_dense_seed103,direct_dense,Parameter-matched direct dense,imagenet_1k_64x64_hf,103,1,0.12965842289850116,14.892592565741417,,1.0,0.0,0.0,0.0,/root/autodl-tmp/CoFiTok/checkpoints/aaai27_ablation_2026-07-11/train/direct_dense_seed103/report.json,/root/autodl-tmp/CoFiTok/checkpoints/aaai27_ablation_2026-07-11/eval/direct_dense_seed103/quality_report.json
direct_dense_seed139,direct_dense,Parameter-matched direct dense,imagenet_1k_64x64_hf,139,1,0.12884119828231633,14.920052360233875,,1.0,0.0,0.0,0.0,/root/autodl-tmp/CoFiTok/checkpoints/aaai27_ablation_2026-07-11/train/direct_dense_seed139/report.json,/root/autodl-tmp/CoFiTok/checkpoints/aaai27_ablation_2026-07-11/eval/direct_dense_seed139/quality_report.json
endpoint_only_seed103,endpoint_only,Endpoint-only factorized,imagenet_1k_64x64_hf,103,8,0.12612991337664425,15.012418938605844,0.8854464390148807,5.403643355945429,0.8113108196579045,0.0,0.15047907190663473,/root/autodl-tmp/CoFiTok/checkpoints/train_imagenet_1k_64x64_hf_k8_epsilononly_p150eval_5k_seed2_2026-07-08/report.json,/root/autodl-tmp/CoFiTok/checkpoints/aaai27_ablation_2026-07-11/eval/endpoint_only_seed103/quality_report.json
endpoint_only_seed139,endpoint_only,Endpoint-only factorized,imagenet_1k_64x64_hf,139,8,0.12879338394850492,14.921664372207484,1.1127560215869121,5.327889591483934,0.804521395370813,0.0,0.15918490077768052,/root/autodl-tmp/CoFiTok/checkpoints/train_imagenet_1k_64x64_hf_k8_epsilononly_p150eval_5k_2026-07-08/report.json,/root/autodl-tmp/CoFiTok/checkpoints/aaai27_ablation_2026-07-11/eval/endpoint_only_seed139/quality_report.json
full_seed103,full,CoFiTok (full),imagenet_1k_64x64_hf,103,8,0.128141705179587,14.943694924840607,0.06981818661110342,6.770039052567862,0.9197213853082881,0.0,0.6915194243192673,/root/autodl-tmp/CoFiTok/checkpoints/train_imagenet_1k_64x64_hf_k8_denoisepath_p150_light_5k_seed2_2026-07-08/report.json,/root/autodl-tmp/CoFiTok/checkpoints/aaai27_ablation_2026-07-11/eval/full_seed103/quality_report.json
full_seed139,full,CoFiTok (full),imagenet_1k_64x64_hf,139,8,0.13192522688768804,14.817321415696771,0.06740512117643707,6.790891997417212,0.9212003626107405,0.0,0.7328896799257824,/root/autodl-tmp/CoFiTok/checkpoints/train_imagenet_1k_64x64_hf_k8_denoisepath_p150_light_5k_2026-07-08/report.json,/root/autodl-tmp/CoFiTok/checkpoints/aaai27_ablation_2026-07-11/eval/full_seed139/quality_report.json
lambda_component_010_seed103,lambda_component_010,$\lambda_{\mathrm{component}}=0.10$,imagenet_1k_64x64_hf,103,8,0.12826810241676867,14.9394132144336,0.0853185311508631,6.860677476761395,0.9261170154613997,0.0,0.5787099557263511,/root/autodl-tmp/CoFiTok/checkpoints/aaai27_ablation_2026-07-11/train/lambda_component_010_seed103/report.json,/root/autodl-tmp/CoFiTok/checkpoints/aaai27_ablation_2026-07-11/eval/lambda_component_010_seed103/quality_report.json
lambda_component_010_seed139,lambda_component_010,$\lambda_{\mathrm{component}}=0.10$,imagenet_1k_64x64_hf,139,8,0.1313720904290676,14.835568807471802,0.08587669246896569,6.859884945582492,0.9260614598766441,0.0,0.6355155855417252,/root/autodl-tmp/CoFiTok/checkpoints/aaai27_ablation_2026-07-11/train/lambda_component_010_seed139/report.json,/root/autodl-tmp/CoFiTok/checkpoints/aaai27_ablation_2026-07-11/eval/lambda_component_010_seed139/quality_report.json
lambda_component_060_seed103,lambda_component_060,$\lambda_{\mathrm{component}}=0.60$,imagenet_1k_64x64_hf,103,8,0.13015914196148515,14.875853143572158,0.0606661493989772,6.7234631835451655,0.9164015137161545,0.0,0.7706099578312465,/root/autodl-tmp/CoFiTok/checkpoints/aaai27_ablation_2026-07-11/train/lambda_component_060_seed103/report.json,/root/autodl-tmp/CoFiTok/checkpoints/aaai27_ablation_2026-07-11/eval/lambda_component_060_seed103/quality_report.json
lambda_component_060_seed139,lambda_component_060,$\lambda_{\mathrm{component}}=0.60$,imagenet_1k_64x64_hf,139,8,0.13266969844698906,14.79288249322532,0.055551264171039554,6.709742603138085,0.9154191411036258,0.0,0.7942221739462444,/root/autodl-tmp/CoFiTok/checkpoints/aaai27_ablation_2026-07-11/train/lambda_component_060_seed139/report.json,/root/autodl-tmp/CoFiTok/checkpoints/aaai27_ablation_2026-07-11/eval/lambda_component_060_seed139/quality_report.json
lambda_prefix_005_seed103,lambda_prefix_005,$\lambda_{\mathrm{prefix}}=0.05$,imagenet_1k_64x64_hf,103,8,0.1294825377408415,14.898487887342547,0.08871589927834325,6.670788812034749,0.9126191227649895,0.0,0.6751101059573037,/root/autodl-tmp/CoFiTok/checkpoints/aaai27_ablation_2026-07-11/train/lambda_prefix_005_seed103/report.json,/root/autodl-tmp/CoFiTok/checkpoints/aaai27_ablation_2026-07-11/eval/lambda_prefix_005_seed103/quality_report.json
lambda_prefix_005_seed139,lambda_prefix_005,$\lambda_{\mathrm{prefix}}=0.05$,imagenet_1k_64x64_hf,139,8,0.13226724369451404,14.806076879122827,0.09002880765807017,6.716822989231273,0.9159263365230762,0.0,0.7019892654248646,/root/autodl-tmp/CoFiTok/checkpoints/aaai27_ablation_2026-07-11/train/lambda_prefix_005_seed139/report.json,/root/autodl-tmp/CoFiTok/checkpoints/aaai27_ablation_2026-07-11/eval/lambda_prefix_005_seed139/quality_report.json
lambda_prefix_030_seed103,lambda_prefix_030,$\lambda_{\mathrm{prefix}}=0.30$,imagenet_1k_64x64_hf,103,8,0.12959524989128113,14.894709078783539,0.061410122912743,6.820565737298161,0.9232971365701459,0.0,0.704138702579907,/root/autodl-tmp/CoFiTok/checkpoints/aaai27_ablation_2026-07-11/train/lambda_prefix_030_seed103/report.json,/root/autodl-tmp/CoFiTok/checkpoints/aaai27_ablation_2026-07-11/eval/lambda_prefix_030_seed103/quality_report.json
lambda_prefix_030_seed139,lambda_prefix_030,$\lambda_{\mathrm{prefix}}=0.30$,imagenet_1k_64x64_hf,139,8,0.13243679283186793,14.800513362540269,0.05931982539394604,6.817829177509347,0.9231041509432173,0.0,0.7459950021335057,/root/autodl-tmp/CoFiTok/checkpoints/aaai27_ablation_2026-07-11/train/lambda_prefix_030_seed139/report.json,/root/autodl-tmp/CoFiTok/checkpoints/aaai27_ablation_2026-07-11/eval/lambda_prefix_030_seed139/quality_report.json
no_path_component_seed103,no_path_component,No path-component term,imagenet_1k_64x64_hf,103,8,0.12938148784451187,14.901878502512243,0.10955080219511208,6.801158058101954,0.921926806750035,0.0,0.4665984053696905,/root/autodl-tmp/CoFiTok/checkpoints/aaai27_ablation_2026-07-11/train/no_path_component_seed103/report.json,/root/autodl-tmp/CoFiTok/checkpoints/aaai27_ablation_2026-07-11/eval/no_path_component_seed103/quality_report.json
no_path_component_seed139,no_path_component,No path-component term,imagenet_1k_64x64_hf,139,8,0.13103592093102634,14.846696260257783,0.11141375837282144,6.703658832070228,0.9149829093745472,0.0,0.5188504021082606,/root/autodl-tmp/CoFiTok/checkpoints/aaai27_ablation_2026-07-11/train/no_path_component_seed139/report.json,/root/autodl-tmp/CoFiTok/checkpoints/aaai27_ablation_2026-07-11/eval/no_path_component_seed139/quality_report.json
no_path_prefix_seed103,no_path_prefix,No path-prefix term,imagenet_1k_64x64_hf,103,8,0.13021300733089447,14.874056220737096,0.12013182619037772,6.527467456300648,0.9021744532588716,0.0,0.6588002528463092,/root/autodl-tmp/CoFiTok/checkpoints/aaai27_ablation_2026-07-11/train/no_path_prefix_seed103/report.json,/root/autodl-tmp/CoFiTok/checkpoints/aaai27_ablation_2026-07-11/eval/no_path_prefix_seed103/quality_report.json
no_path_prefix_seed139,no_path_prefix,No path-prefix term,imagenet_1k_64x64_hf,139,8,0.1297626211307943,14.889103818719228,0.13369771816152415,6.565824444138747,0.9049920586332897,0.0,0.6775409345115934,/root/autodl-tmp/CoFiTok/checkpoints/aaai27_ablation_2026-07-11/train/no_path_prefix_seed139/report.json,/root/autodl-tmp/CoFiTok/checkpoints/aaai27_ablation_2026-07-11/eval/no_path_prefix_seed139/quality_report.json
progress_power_075_seed103,progress_power_075,$p=0.75$,imagenet_1k_64x64_hf,103,8,0.13267008983530104,14.792869681141216,0.4796194828148665,7.10698406614554,0.9430791549271399,0.0,0.6544619564499173,/root/autodl-tmp/CoFiTok/checkpoints/aaai27_ablation_2026-07-11/train/progress_power_075_seed103/report.json,/root/autodl-tmp/CoFiTok/checkpoints/aaai27_ablation_2026-07-11/eval/progress_power_075_seed103/quality_report.json
progress_power_075_seed139,progress_power_075,$p=0.75$,imagenet_1k_64x64_hf,139,8,0.13622787641361356,14.677940046481524,0.5021567495340216,6.962558531530137,0.9332058502271711,0.0,0.6750991323164531,/root/autodl-tmp/CoFiTok/checkpoints/aaai27_ablation_2026-07-11/train/progress_power_075_seed139/report.json,/root/autodl-tmp/CoFiTok/checkpoints/aaai27_ablation_2026-07-11/eval/progress_power_075_seed139/quality_report.json
progress_power_100_seed103,progress_power_100,$p=1.00$,imagenet_1k_64x64_hf,103,8,0.13032975792884827,14.870164027162389,0.20488446920977108,7.901650485442025,0.9940513442805317,0.0,0.6840194634028843,/root/autodl-tmp/CoFiTok/checkpoints/aaai27_ablation_2026-07-11/train/progress_power_100_seed103/report.json,/root/autodl-tmp/CoFiTok/checkpoints/aaai27_ablation_2026-07-11/eval/progress_power_100_seed103/quality_report.json
progress_power_100_seed139,progress_power_100,$p=1.00$,imagenet_1k_64x64_hf,139,8,0.13323651533573866,14.774367256865638,0.22362563120467321,7.922549339110088,0.9953215797599996,0.0,0.7188596491302762,/root/autodl-tmp/CoFiTok/checkpoints/aaai27_ablation_2026-07-11/train/progress_power_100_seed139/report.json,/root/autodl-tmp/CoFiTok/checkpoints/aaai27_ablation_2026-07-11/eval/progress_power_100_seed139/quality_report.json
progress_power_200_seed103,progress_power_200,$p=2.00$,imagenet_1k_64x64_hf,103,8,0.12852005218155682,14.930890981167238,0.15343367012142803,5.463155533077609,0.8165781654555377,0.0,0.665109572666032,/root/autodl-tmp/CoFiTok/checkpoints/aaai27_ablation_2026-07-11/train/progress_power_200_seed103/report.json,/root/autodl-tmp/CoFiTok/checkpoints/aaai27_ablation_2026-07-11/eval/progress_power_200_seed103/quality_report.json
progress_power_200_seed139,progress_power_200,$p=2.00$,imagenet_1k_64x64_hf,139,8,0.13295857445336878,14.783436412534094,0.15482885293853801,5.434942137530875,0.8140882252840337,0.0,0.6837369331291744,/root/autodl-tmp/CoFiTok/checkpoints/aaai27_ablation_2026-07-11/train/progress_power_200_seed139/report.json,/root/autodl-tmp/CoFiTok/checkpoints/aaai27_ablation_2026-07-11/eval/progress_power_200_seed139/quality_report.json
progress_power_250_seed103,progress_power_250,$p=2.50$,imagenet_1k_64x64_hf,103,8,0.13040172471664846,14.867766558372004,0.3046751809743,4.464051479094207,0.7194512214366509,0.0,0.6258874365261623,/root/autodl-tmp/CoFiTok/checkpoints/aaai27_ablation_2026-07-11/train/progress_power_250_seed103/report.json,/root/autodl-tmp/CoFiTok/checkpoints/aaai27_ablation_2026-07-11/eval/progress_power_250_seed103/quality_report.json
progress_power_250_seed139,progress_power_250,$p=2.50$,imagenet_1k_64x64_hf,139,8,0.13110843463800848,14.844293591427508,0.30906513384460205,4.453573004264277,0.7183210811054546,0.0,0.6245625700269427,/root/autodl-tmp/CoFiTok/checkpoints/aaai27_ablation_2026-07-11/train/progress_power_250_seed139/report.json,/root/autodl-tmp/CoFiTok/checkpoints/aaai27_ablation_2026-07-11/eval/progress_power_250_seed139/quality_report.json
simultaneous_seed103,simultaneous,Simultaneous tokens,imagenet_1k_64x64_hf,103,8,0.13258293038234115,14.795723776510044,0.07662868696830369,6.810878772279024,0.9226136512292209,0.0,0.6832724447761264,/root/autodl-tmp/CoFiTok/checkpoints/train_imagenet_1k_64x64_hf_k8_denoisepath_p150_light_simultaneous_5k_seed2_2026-07-08/report.json,/root/autodl-tmp/CoFiTok/checkpoints/aaai27_ablation_2026-07-11/eval/simultaneous_seed103/quality_report.json
simultaneous_seed139,simultaneous,Simultaneous tokens,imagenet_1k_64x64_hf,139,8,0.13029351155273616,14.871372023767396,0.06523134343608815,6.846185449331514,0.9251001241902781,0.0,0.7469906040600368,/root/autodl-tmp/CoFiTok/checkpoints/train_imagenet_1k_64x64_hf_k8_denoisepath_p150_light_simultaneous_5k_2026-07-08/report.json,/root/autodl-tmp/CoFiTok/checkpoints/aaai27_ablation_2026-07-11/eval/simultaneous_seed139/quality_report.json
token_count_16_seed103,token_count_16,K=16,imagenet_1k_64x64_hf,103,16,0.13309850939549506,14.778867996018686,0.07238832662502924,13.785010373383873,0.9462571119702528,0.0,0.4742158780495326,/root/autodl-tmp/CoFiTok/checkpoints/train_imagenet_1k_64x64_hf_k16_denoisepath_p150_light_5k_seed2_2026-07-08/report.json,/root/autodl-tmp/CoFiTok/checkpoints/aaai27_ablation_2026-07-11/eval/token_count_16_seed103/quality_report.json
token_count_16_seed139,token_count_16,K=16,imagenet_1k_64x64_hf,139,16,0.12957433052361012,14.895410176956375,0.06986740526287273,13.567281863648589,0.9405149519834544,0.0,0.46752242545286815,/root/autodl-tmp/CoFiTok/checkpoints/train_imagenet_1k_64x64_hf_k16_denoisepath_p150_light_5k_2026-07-08/report.json,/root/autodl-tmp/CoFiTok/checkpoints/aaai27_ablation_2026-07-11/eval/token_count_16_seed139/quality_report.json
token_count_4_seed103,token_count_4,K=4,imagenet_1k_64x64_hf,103,4,0.12749903718940914,14.965530861258749,0.0651798325998243,3.3244831450983843,0.8665650316656612,0.0,0.9203907723228136,/root/autodl-tmp/CoFiTok/checkpoints/train_imagenet_1k_64x64_hf_k4_denoisepath_p150_light_5k_seed2_2026-07-08/report.json,/root/autodl-tmp/CoFiTok/checkpoints/aaai27_ablation_2026-07-11/eval/token_count_4_seed103/quality_report.json
token_count_4_seed139,token_count_4,K=4,imagenet_1k_64x64_hf,139,4,0.12950570695102215,14.897710843568198,0.07337411009939387,3.3166874314320274,0.8648715286178518,0.0,0.8973091095685959,/root/autodl-tmp/CoFiTok/checkpoints/train_imagenet_1k_64x64_hf_k4_denoisepath_p150_light_5k_2026-07-08/report.json,/root/autodl-tmp/CoFiTok/checkpoints/aaai27_ablation_2026-07-11/eval/token_count_4_seed139/quality_report.json
