axis,value,seeds,endpoint_mse_mean,endpoint_mse_std,path_auc_mean,path_auc_std,effective_k_mean,effective_k_std
lambda_prefix,0.0,"103,139",0.12998781423084438,0.00031847113624368107,0.12691477217595093,0.009592534205641776,6.546645950219697,0.027122486206210158
lambda_prefix,0.05,"103,139",0.13087489071767777,0.0019690844634523965,0.08937235346820671,0.0009283664183815466,6.693805900633011,0.03255107886200574
lambda_prefix,0.15,"103,139",0.13003346603363752,0.0026753538565647507,0.06861165389377025,0.0017062949322994402,6.780465524992537,0.014745258710684762
lambda_prefix,0.3,"103,139",0.13101602136157453,0.002009274282321693,0.06036497415334452,0.0014780635502387415,6.819197457403755,0.0019350399837928351
lambda_component,0.0,"103,139",0.1302087043877691,0.001169860854493774,0.11048228028396676,0.0013173089463116593,6.7524084450860915,0.06894236388747389
lambda_component,0.1,"103,139",0.12982009642291814,0.0021948509722183344,0.0855976118099144,0.0003946796530263612,6.860281211171944,0.0005604041709036012
lambda_component,0.3,"103,139",0.13003346603363752,0.0026753538565647507,0.06861165389377025,0.0017062949322994402,6.780465524992537,0.014745258710684762
lambda_component,0.6,"103,139",0.1314144202042371,0.0017752315154516824,0.058108706785008374,0.0036167700296656103,6.716602893341625,0.00970191544766211
progress_power,0.75,"103,139",0.1344489831244573,0.002515735015539264,0.49088811617444406,0.015936254126524444,7.034771298837839,0.10212427490304428
progress_power,1.0,"103,139",0.13178313663229346,0.002055387873676421,0.21425505020722213,0.013252002733910908,7.912099912276057,0.01477772114771222
progress_power,1.5,"103,139",0.13003346603363752,0.0026753538565647507,0.06861165389377025,0.0017062949322994402,6.780465524992537,0.014745258710684762
progress_power,2.0,"103,139",0.1307393133174628,0.0031385091968457587,0.15413126152998302,0.0009865432309734215,5.449048835304242,0.019949883311394006
progress_power,2.5,"103,139",0.13075507967732847,0.000499719377725479,0.306870157409451,0.003104165443679912,4.458812241679242,0.007409400608736079
token_count,4.0,"103,139",0.12850237207021564,0.0014189297960385532,0.06927697134960908,0.005794229186869997,3.320585288265206,0.005512401997669604
token_count,8.0,"103,139",0.13003346603363752,0.0026753538565647507,0.06861165389377025,0.0017062949322994402,6.780465524992537,0.014745258710684762
token_count,16.0,"103,139",0.13133641995955259,0.0024919707784241997,0.07112786594395099,0.0017825605900188956,13.67614611851623,0.1539573056914608
