dataset,method,display_name,method_type,status,required,train_steps,sample_nfe,sample_lowres_frechet,sample_inception_frechet,denoise_psnr,denoise_lpips,path_auc,clean_auc,effective_tokens,zero_token_ratio,shuffled_final_ratio,evidence,note
tiny_imagenet_200,cofitok_light,CoFiTok,ours,completed,"train,quality,generated_quality",5000,50,8.219693173877044,373.23502397820016,14.249674575803976,,0.07627656896199499,4.718161249799388,6.843034763255056,0.0,133.8465531868492,"train,quality,generated_quality",
tiny_imagenet_200,same_backbone_dense,Dense epsilon,internal_baseline,partial,"train,quality,generated_quality",5000,,,,14.374743635787215,0.5688748732209206,0.8459047962512288,6.494895350720201,5.377338493768649,0.0,138.90745665655348,"train,quality",
tiny_imagenet_200,channel_mask,Channel mask,internal_baseline,completed,"train,quality",5000,,,,12.954610979278602,,4.946076078074319,0.3184830759252821,1.1640164914420992,,,"train,quality",
tiny_imagenet_200,cofitok_no_prefix_loss,No prefix loss,internal_ablation,completed,"train,quality",5000,,,,14.493757818097915,0.556021936237812,0.1122341241155352,4.928716217832906,6.570695572078357,0.0,141.2351790536453,"train,quality",
tiny_imagenet_200,cofitok_clean_monotonic,Clean monotonic,internal_ablation,completed,"train,quality",5000,,,,14.327161910928112,0.546789888292551,0.0726724062114954,4.774403030318873,6.765209693182966,0.0,139.5620322960392,"train,quality",
tiny_imagenet_200,cofitok_simultaneous,Simultaneous components,internal_ablation,completed,"train,quality",5000,,,,14.27777453552222,0.5595599412918091,0.07517398361648832,4.6781394854187965,6.871676960784846,0.0,139.25017585571234,"train,quality",
tiny_imagenet_200,cofitok_deep_synthesis,Deep S_k,internal_ablation,completed,"train,quality",5000,,,,14.39830822532953,0.5747742876410484,0.04769849205123527,4.646185805755002,6.888914326074404,0.050537750124931335,141.70339547070387,"train,quality",
tiny_imagenet_200,improved_diffusion,Improved DDPM,external_baseline,missing,"baseline_train,baseline_eval",,,,,,,,,,,,,
tiny_imagenet_200,edm,EDM,external_baseline,missing,"baseline_train,baseline_eval",,,,,,,,,,,,,
tiny_imagenet_200,d_ar,D-AR,external_baseline,protocol_blocked,"baseline_train,baseline_eval",,,,,,,,,,,,feasibility_report,Do not enter D-AR as a completed formal64 baseline. Record it as the nearest diffusion-as-AR threat until a separate compatible protocol is defined.
downsampled_imagenet_64,cofitok_light,CoFiTok,ours,completed,"train,quality,generated_quality",5000,50,8.355380816355524,374.6833211029276,14.52147508895212,0.5415105782449245,0.06812273418264729,4.637785155326128,6.816560233713641,0.0,193.7739080004384,"train,quality,generated_quality",
downsampled_imagenet_64,same_backbone_dense,Dense epsilon,internal_baseline,completed,"train,quality,generated_quality",5000,50,7.577812659398078,377.11908568974957,14.651084187745635,0.5554325766861439,1.0403179127190794,6.872524803238256,5.3762934422803195,0.0,202.5346514490919,"train,quality,generated_quality",
downsampled_imagenet_64,channel_mask,Channel mask,internal_baseline,completed,"train,quality",5000,,,,13.250280617095136,0.6823193356394768,4.903067118355206,0.20355540939739772,1.1123639499880713,0.0,149.9817527070983,"train,quality",
downsampled_imagenet_64,cofitok_no_prefix_loss,No prefix loss,internal_ablation,completed,"train,quality",5000,,,,14.473724973591192,0.5470759943127632,0.09533826341586453,4.930930989129203,6.572800843896454,0.0,182.03343063120462,"train,quality",
downsampled_imagenet_64,cofitok_clean_monotonic,Clean monotonic,internal_ablation,completed,"train,quality",5000,,,,14.663516521379147,0.5510400906205177,0.0643927130315985,4.679242518863508,6.826100800610612,0.0,189.2076214055514,"train,quality",
downsampled_imagenet_64,cofitok_simultaneous,Simultaneous components,internal_ablation,completed,"train,quality",5000,,,,14.58630176684532,0.5447608232498169,0.06809995962040764,4.526805768055575,6.887179086556721,0.0,195.6067844609306,"train,quality",
downsampled_imagenet_64,cofitok_deep_synthesis,Deep S_k,internal_ablation,completed,"train,quality",5000,,,,14.50189022285771,0.5501925833523273,0.03972585239846792,4.712761587330273,6.7542539617942685,0.05347995460033417,191.77845482340464,"train,quality",
downsampled_imagenet_64,improved_diffusion,Improved DDPM,external_baseline,completed,"baseline_train,baseline_eval",5000,50,8.804418110119745,355.10614289345926,,,,,,,,"baseline_train,baseline_eval",
downsampled_imagenet_64,edm,EDM,external_baseline,completed,"baseline_train,baseline_eval",5000,79,2.7540114242858196,248.3075505878844,,,,,,,,"baseline_train,baseline_eval",
downsampled_imagenet_64,d_ar,D-AR,external_baseline,protocol_blocked,"baseline_train,baseline_eval",,,,,,,,,,,,feasibility_report,Do not enter D-AR as a completed formal64 baseline. Record it as the nearest diffusion-as-AR threat until a separate compatible protocol is defined.
ffhq_64,cofitok_light,CoFiTok,ours,completed,"train,quality,generated_quality",5000,50,8.737876966314342,425.7088653024866,15.024007154107888,0.5026991069316864,0.06822829387549843,4.637801672731127,6.818310856995398,0.0,187.23143269283872,"train,quality,generated_quality",
ffhq_64,same_backbone_dense,Dense epsilon,internal_baseline,completed,"train,quality,generated_quality",5000,50,8.088101433963073,424.1108256360812,15.144207282398387,0.4925216604024172,1.0807267986238003,6.94880353978702,5.415471530357965,0.0,191.7210639207763,"train,quality,generated_quality",
ffhq_64,channel_mask,Channel mask,internal_baseline,completed,"train,quality",5000,,,,13.285442535796594,0.653544045984745,4.877475644860949,0.23998384603432246,1.1131526689621274,0.0,129.0703559472227,"train,quality",
ffhq_64,cofitok_no_prefix_loss,No prefix loss,internal_ablation,completed,"train,quality",5000,,,,14.947708130755398,0.4793796166777611,0.09963527441556964,4.942487046122551,6.522770039397141,0.0,177.8095961177457,"train,quality",
ffhq_64,cofitok_clean_monotonic,Clean monotonic,internal_ablation,completed,"train,quality",5000,,,,15.13498222552115,0.47085687331855297,0.06716050819626876,4.721082476632936,6.769591812710388,0.0,187.27847614713681,"train,quality",
ffhq_64,cofitok_simultaneous,Simultaneous components,internal_ablation,completed,"train,quality",5000,,,,15.156946374687635,0.4883761778473854,0.06374235225043126,4.573814877441952,6.861113259825649,0.0,191.33775024681157,"train,quality",
ffhq_64,cofitok_deep_synthesis,Deep S_k,internal_ablation,completed,"train,quality",5000,,,,14.951145469564082,0.5211228132247925,0.045646446623972485,4.721226274967194,6.787238345582562,0.05183367058634758,182.5731902666537,"train,quality",
ffhq_64,improved_diffusion,Improved DDPM,external_baseline,completed,"baseline_train,baseline_eval",5000,50,9.435978870946819,369.00541295678664,,,,,,,,"baseline_train,baseline_eval",
ffhq_64,edm,EDM,external_baseline,completed,"baseline_train,baseline_eval",5000,79,2.5077071461475207,325.4897769846005,,,,,,,,"baseline_train,baseline_eval",
ffhq_64,d_ar,D-AR,external_baseline,protocol_blocked,"baseline_train,baseline_eval",,,,,,,,,,,,feasibility_report,Do not enter D-AR as a completed formal64 baseline. Record it as the nearest diffusion-as-AR threat until a separate compatible protocol is defined.
afhqv2_64,cofitok_light,CoFiTok,ours,completed,"train,quality,generated_quality",5000,50,7.0780572877931425,331.0574038258805,15.167191914164803,0.43661915324628353,0.06434416331882988,4.654429405927658,6.818504819239168,0.0,189.5073396114494,"train,quality,generated_quality",
afhqv2_64,same_backbone_dense,Dense epsilon,internal_baseline,completed,"train,quality,generated_quality",5000,50,6.579158283451607,345.9385928805596,15.195914726628292,0.45465160347521305,1.0117721964738198,6.910753456077406,5.461851498945411,0.0,190.2129994390919,"train,quality,generated_quality",
afhqv2_64,channel_mask,Channel mask,internal_baseline,completed,"train,quality",5000,,,,13.38362394370871,0.6254692748188972,4.748266390391758,0.21436885850770132,1.1124385616572507,0.0,139.88142314138304,"train,quality",
afhqv2_64,cofitok_no_prefix_loss,No prefix loss,internal_ablation,completed,"train,quality",5000,,,,15.080936877370036,0.4444106686860323,0.09357279219797679,4.92322396167687,6.537933622885137,0.0,183.2836654867933,"train,quality",
afhqv2_64,cofitok_clean_monotonic,Clean monotonic,internal_ablation,completed,"train,quality",5000,,,,15.160879503430401,0.4510429557412863,0.0665016013330647,4.755937454955919,6.753061678797444,0.0,174.65762149827677,"train,quality",
afhqv2_64,cofitok_simultaneous,Simultaneous components,internal_ablation,completed,"train,quality",5000,,,,15.105001025171482,0.46293102391064167,0.06036976232592549,4.623815057533128,6.846111663542767,0.0,185.80806954380515,"train,quality",
afhqv2_64,cofitok_deep_synthesis,Deep S_k,internal_ablation,completed,"train,quality",5000,,,,15.109751514279736,0.4552092719823122,0.04166295479184815,4.6635439438479285,6.793912364252545,0.05612469092011452,187.60365767789733,"train,quality",
afhqv2_64,improved_diffusion,Improved DDPM,external_baseline,completed,"baseline_train,baseline_eval",5000,50,8.291808750162996,335.18135687651903,,,,,,,,"baseline_train,baseline_eval",
afhqv2_64,edm,EDM,external_baseline,completed,"baseline_train,baseline_eval",5000,79,1.9621273075384704,230.39794041164038,,,,,,,,"baseline_train,baseline_eval",
afhqv2_64,d_ar,D-AR,external_baseline,protocol_blocked,"baseline_train,baseline_eval",,,,,,,,,,,,feasibility_report,Do not enter D-AR as a completed formal64 baseline. Record it as the nearest diffusion-as-AR threat until a separate compatible protocol is defined.
