actual_timestep_count,artifact_count,artifacts,batch_size,checkpoint,clip_x0,config_name,dataset,elapsed_seconds,eta,first_timestep,image_size,last_timestep,num_samples,parameter_count,predictor_multiscale_levels,predictor_type,predictor_use_feedback,prefix_budgets,report_dir,report_path,report_type,sample_steps,sampling_seed,seed,steps,synthesis_mode,token_channels,token_count,train_batch_size,variant
20,3,"{""samples_prefix_8"": ""/root/autodl-tmp/CoFiTok/checkpoints/generated_cifar10_k8_light_64_ddim20_2026-07-08/samples_prefix_8.png"", ""samples_prefix_8_count"": 64, ""samples_prefix_8_dir"": ""/root/autodl-tmp/CoFiTok/checkpoints/generated_cifar10_k8_light_64_ddim20_2026-07-08/samples_prefix_8""}",32,/root/autodl-tmp/CoFiTok/checkpoints/train_cifar10_k8_denoisepath_p150_light_3k_2026-07-08/checkpoint_final.pt,True,train_cifar10_k8_denoisepath_p150_light_3k_cuda,cifar10,0.43486595153808594,0.0,999,32,0,64,81808,2,tiny_conv,True,[8],generated_cifar10_k8_light_64_ddim20_2026-07-08,/root/autodl-tmp/CoFiTok/checkpoints/generated_cifar10_k8_light_64_ddim20_2026-07-08/sample_report.json,sampling,20,20260708,137,3000,restricted,16,8,64,light_denoise_path
20,3,"{""samples_prefix_8"": ""/root/autodl-tmp/CoFiTok/checkpoints/generated_imagenet_hf_epsilononly_20k_1024_ddim20_2026-07-08/samples_prefix_8.png"", ""samples_prefix_8_count"": 1024, ""samples_prefix_8_dir"": ""/root/autodl-tmp/CoFiTok/checkpoints/generated_imagenet_hf_epsilononly_20k_1024_ddim20_2026-07-08/samples_prefix_8""}",64,/root/autodl-tmp/CoFiTok/checkpoints/train_imagenet_1k_64x64_hf_k8_epsilononly_p150eval_20k_2026-07-08/checkpoint_final.pt,True,train_imagenet_1k_64x64_hf_k8_epsilononly_p150eval_20k_cuda,imagenet_1k_64x64_hf,2.650844097137451,0.0,999,64,0,1024,81808,2,tiny_conv,True,[8],generated_imagenet_hf_epsilononly_20k_1024_ddim20_2026-07-08,/root/autodl-tmp/CoFiTok/checkpoints/generated_imagenet_hf_epsilononly_20k_1024_ddim20_2026-07-08/sample_report.json,sampling,20,2601024,139,20000,restricted,16,8,32,epsilon_only
20,3,"{""samples_prefix_8"": ""/root/autodl-tmp/CoFiTok/checkpoints/generated_imagenet_hf_epsilononly_20k_256_ddim20_2026-07-08/samples_prefix_8.png"", ""samples_prefix_8_count"": 256, ""samples_prefix_8_dir"": ""/root/autodl-tmp/CoFiTok/checkpoints/generated_imagenet_hf_epsilononly_20k_256_ddim20_2026-07-08/samples_prefix_8""}",64,/root/autodl-tmp/CoFiTok/checkpoints/train_imagenet_1k_64x64_hf_k8_epsilononly_p150eval_20k_2026-07-08/checkpoint_final.pt,True,train_imagenet_1k_64x64_hf_k8_epsilononly_p150eval_20k_cuda,imagenet_1k_64x64_hf,0.9448437690734863,0.0,999,64,0,256,81808,2,tiny_conv,True,[8],generated_imagenet_hf_epsilononly_20k_256_ddim20_2026-07-08,/root/autodl-tmp/CoFiTok/checkpoints/generated_imagenet_hf_epsilononly_20k_256_ddim20_2026-07-08/sample_report.json,sampling,20,20260708,139,20000,restricted,16,8,32,epsilon_only
50,3,"{""samples_prefix_8"": ""/root/autodl-tmp/CoFiTok/checkpoints/generated_imagenet_hf_epsilononly_20k_seed2_2048_ddim50_2026-07-08/samples_prefix_8.png"", ""samples_prefix_8_count"": 2048, ""samples_prefix_8_dir"": ""/root/autodl-tmp/CoFiTok/checkpoints/generated_imagenet_hf_epsilononly_20k_seed2_2048_ddim50_2026-07-08/samples_prefix_8""}",64,/root/autodl-tmp/CoFiTok/checkpoints/train_imagenet_1k_64x64_hf_k8_epsilononly_p150eval_20k_seed2_cuda_2026-07-08/checkpoint_final.pt,True,train_imagenet_1k_64x64_hf_k8_epsilononly_p150eval_20k_seed2_cuda,imagenet_1k_64x64_hf,7.711987495422363,0.0,999,64,0,2048,81808,2,tiny_conv,True,[8],generated_imagenet_hf_epsilononly_20k_seed2_2048_ddim50_2026-07-08,/root/autodl-tmp/CoFiTok/checkpoints/generated_imagenet_hf_epsilononly_20k_seed2_2048_ddim50_2026-07-08/sample_report.json,sampling,50,103,103,20000,restricted,16,8,32,epsilon_only
20,3,"{""samples_prefix_8"": ""/root/autodl-tmp/CoFiTok/checkpoints/generated_imagenet_hf_k8_light_20k_1024_ddim20_2026-07-08/samples_prefix_8.png"", ""samples_prefix_8_count"": 1024, ""samples_prefix_8_dir"": ""/root/autodl-tmp/CoFiTok/checkpoints/generated_imagenet_hf_k8_light_20k_1024_ddim20_2026-07-08/samples_prefix_8""}",64,/root/autodl-tmp/CoFiTok/checkpoints/train_imagenet_1k_64x64_hf_k8_denoisepath_p150_light_20k_2026-07-08/checkpoint_final.pt,True,train_imagenet_1k_64x64_hf_k8_denoisepath_p150_light_20k_cuda,imagenet_1k_64x64_hf,2.6694517135620117,0.0,999,64,0,1024,81808,2,tiny_conv,True,[8],generated_imagenet_hf_k8_light_20k_1024_ddim20_2026-07-08,/root/autodl-tmp/CoFiTok/checkpoints/generated_imagenet_hf_k8_light_20k_1024_ddim20_2026-07-08/sample_report.json,sampling,20,2601024,139,20000,restricted,16,8,32,light_denoise_path
20,3,"{""samples_prefix_8"": ""/root/autodl-tmp/CoFiTok/checkpoints/generated_imagenet_hf_k8_light_20k_256_ddim20_2026-07-08/samples_prefix_8.png"", ""samples_prefix_8_count"": 256, ""samples_prefix_8_dir"": ""/root/autodl-tmp/CoFiTok/checkpoints/generated_imagenet_hf_k8_light_20k_256_ddim20_2026-07-08/samples_prefix_8""}",64,/root/autodl-tmp/CoFiTok/checkpoints/train_imagenet_1k_64x64_hf_k8_denoisepath_p150_light_20k_2026-07-08/checkpoint_final.pt,True,train_imagenet_1k_64x64_hf_k8_denoisepath_p150_light_20k_cuda,imagenet_1k_64x64_hf,0.8885848522186279,0.0,999,64,0,256,81808,2,tiny_conv,True,[8],generated_imagenet_hf_k8_light_20k_256_ddim20_2026-07-08,/root/autodl-tmp/CoFiTok/checkpoints/generated_imagenet_hf_k8_light_20k_256_ddim20_2026-07-08/sample_report.json,sampling,20,20260708,139,20000,restricted,16,8,32,light_denoise_path
20,3,"{""samples_prefix_8"": ""/root/autodl-tmp/CoFiTok/checkpoints/generated_imagenet_hf_k8_light_20k_64_ddim20_2026-07-08/samples_prefix_8.png"", ""samples_prefix_8_count"": 64, ""samples_prefix_8_dir"": ""/root/autodl-tmp/CoFiTok/checkpoints/generated_imagenet_hf_k8_light_20k_64_ddim20_2026-07-08/samples_prefix_8""}",32,/root/autodl-tmp/CoFiTok/checkpoints/train_imagenet_1k_64x64_hf_k8_denoisepath_p150_light_20k_2026-07-08/checkpoint_final.pt,True,train_imagenet_1k_64x64_hf_k8_denoisepath_p150_light_20k_cuda,imagenet_1k_64x64_hf,0.47128963470458984,0.0,999,64,0,64,81808,2,tiny_conv,True,[8],generated_imagenet_hf_k8_light_20k_64_ddim20_2026-07-08,/root/autodl-tmp/CoFiTok/checkpoints/generated_imagenet_hf_k8_light_20k_64_ddim20_2026-07-08/sample_report.json,sampling,20,20260708,139,20000,restricted,16,8,32,light_denoise_path
50,3,"{""samples_prefix_8"": ""/root/autodl-tmp/CoFiTok/checkpoints/generated_imagenet_hf_k8_light_20k_seed2_2048_ddim50_2026-07-08/samples_prefix_8.png"", ""samples_prefix_8_count"": 2048, ""samples_prefix_8_dir"": ""/root/autodl-tmp/CoFiTok/checkpoints/generated_imagenet_hf_k8_light_20k_seed2_2048_ddim50_2026-07-08/samples_prefix_8""}",64,/root/autodl-tmp/CoFiTok/checkpoints/train_imagenet_1k_64x64_hf_k8_denoisepath_p150_light_20k_seed2_cuda_2026-07-08/checkpoint_final.pt,True,train_imagenet_1k_64x64_hf_k8_denoisepath_p150_light_20k_seed2_cuda,imagenet_1k_64x64_hf,7.639829397201538,0.0,999,64,0,2048,81808,2,tiny_conv,True,[8],generated_imagenet_hf_k8_light_20k_seed2_2048_ddim50_2026-07-08,/root/autodl-tmp/CoFiTok/checkpoints/generated_imagenet_hf_k8_light_20k_seed2_2048_ddim50_2026-07-08/sample_report.json,sampling,50,103,103,20000,restricted,16,8,32,light_denoise_path
20,3,"{""samples_prefix_8"": ""/root/autodl-tmp/CoFiTok/checkpoints/generated_imagenet_hf_k8_light_64_ddim20_2026-07-08/samples_prefix_8.png"", ""samples_prefix_8_count"": 64, ""samples_prefix_8_dir"": ""/root/autodl-tmp/CoFiTok/checkpoints/generated_imagenet_hf_k8_light_64_ddim20_2026-07-08/samples_prefix_8""}",32,/root/autodl-tmp/CoFiTok/checkpoints/train_imagenet_1k_64x64_hf_k8_denoisepath_p150_light_5k_2026-07-08/checkpoint_final.pt,True,train_imagenet_1k_64x64_hf_k8_denoisepath_p150_light_5k_cuda,imagenet_1k_64x64_hf,0.5022330284118652,0.0,999,64,0,64,81808,2,tiny_conv,True,[8],generated_imagenet_hf_k8_light_64_ddim20_2026-07-08,/root/autodl-tmp/CoFiTok/checkpoints/generated_imagenet_hf_k8_light_64_ddim20_2026-07-08/sample_report.json,sampling,20,20260708,139,5000,restricted,16,8,32,light_denoise_path
50,3,"{""samples_prefix_8"": ""/root/autodl-tmp/CoFiTok/checkpoints/generated_imagenet_hf_k8_light_multiscale_10k_2048_ddim50_2026-07-08/samples_prefix_8.png"", ""samples_prefix_8_count"": 2048, ""samples_prefix_8_dir"": ""/root/autodl-tmp/CoFiTok/checkpoints/generated_imagenet_hf_k8_light_multiscale_10k_2048_ddim50_2026-07-08/samples_prefix_8""}",64,/root/autodl-tmp/CoFiTok/checkpoints/train_imagenet_1k_64x64_hf_k8_denoisepath_p150_light_multiscale_10k_cuda_2026-07-08/checkpoint_final.pt,True,train_imagenet_1k_64x64_hf_k8_denoisepath_p150_light_multiscale_10k_cuda,imagenet_1k_64x64_hf,17.548795223236084,0.0,999,64,0,2048,1660912,2,multiscale_unet,True,[8],generated_imagenet_hf_k8_light_multiscale_10k_2048_ddim50_2026-07-08,/root/autodl-tmp/CoFiTok/checkpoints/generated_imagenet_hf_k8_light_multiscale_10k_2048_ddim50_2026-07-08/sample_report.json,sampling,50,151,151,10000,restricted,16,8,24,light_denoise_path
20,3,"{""samples_prefix_8"": ""/root/autodl-tmp/CoFiTok/checkpoints/generated_tiny_epsilononly_20k_1024_ddim20_2026-07-08/samples_prefix_8.png"", ""samples_prefix_8_count"": 1024, ""samples_prefix_8_dir"": ""/root/autodl-tmp/CoFiTok/checkpoints/generated_tiny_epsilononly_20k_1024_ddim20_2026-07-08/samples_prefix_8""}",64,/root/autodl-tmp/CoFiTok/checkpoints/train_tiny_imagenet_k8_epsilononly_p150eval_20k_2026-07-08/checkpoint_final.pt,True,train_tiny_imagenet_k8_epsilononly_p150eval_20k_cuda,tiny_imagenet_200,2.6688976287841797,0.0,999,64,0,1024,81808,2,tiny_conv,True,[8],generated_tiny_epsilononly_20k_1024_ddim20_2026-07-08,/root/autodl-tmp/CoFiTok/checkpoints/generated_tiny_epsilononly_20k_1024_ddim20_2026-07-08/sample_report.json,sampling,20,2601024,139,20000,restricted,16,8,32,epsilon_only
20,3,"{""samples_prefix_8"": ""/root/autodl-tmp/CoFiTok/checkpoints/generated_tiny_epsilononly_20k_256_ddim20_2026-07-08/samples_prefix_8.png"", ""samples_prefix_8_count"": 256, ""samples_prefix_8_dir"": ""/root/autodl-tmp/CoFiTok/checkpoints/generated_tiny_epsilononly_20k_256_ddim20_2026-07-08/samples_prefix_8""}",64,/root/autodl-tmp/CoFiTok/checkpoints/train_tiny_imagenet_k8_epsilononly_p150eval_20k_2026-07-08/checkpoint_final.pt,True,train_tiny_imagenet_k8_epsilononly_p150eval_20k_cuda,tiny_imagenet_200,0.926687479019165,0.0,999,64,0,256,81808,2,tiny_conv,True,[8],generated_tiny_epsilononly_20k_256_ddim20_2026-07-08,/root/autodl-tmp/CoFiTok/checkpoints/generated_tiny_epsilononly_20k_256_ddim20_2026-07-08/sample_report.json,sampling,20,20260708,139,20000,restricted,16,8,32,epsilon_only
50,3,"{""samples_prefix_8"": ""/root/autodl-tmp/CoFiTok/checkpoints/generated_tiny_epsilononly_20k_seed2_2048_ddim50_2026-07-08/samples_prefix_8.png"", ""samples_prefix_8_count"": 2048, ""samples_prefix_8_dir"": ""/root/autodl-tmp/CoFiTok/checkpoints/generated_tiny_epsilononly_20k_seed2_2048_ddim50_2026-07-08/samples_prefix_8""}",64,/root/autodl-tmp/CoFiTok/checkpoints/train_tiny_imagenet_k8_epsilononly_p150eval_20k_seed2_cuda_2026-07-08/checkpoint_final.pt,True,train_tiny_imagenet_k8_epsilononly_p150eval_20k_seed2_cuda,tiny_imagenet_200,7.3613440990448,0.0,999,64,0,2048,81808,2,tiny_conv,True,[8],generated_tiny_epsilononly_20k_seed2_2048_ddim50_2026-07-08,/root/autodl-tmp/CoFiTok/checkpoints/generated_tiny_epsilononly_20k_seed2_2048_ddim50_2026-07-08/sample_report.json,sampling,50,103,103,20000,restricted,16,8,32,epsilon_only
20,3,"{""samples_prefix_8"": ""/root/autodl-tmp/CoFiTok/checkpoints/generated_tiny_imagenet_k8_light_20k_256_ddim20_2026-07-08/samples_prefix_8.png"", ""samples_prefix_8_count"": 256, ""samples_prefix_8_dir"": ""/root/autodl-tmp/CoFiTok/checkpoints/generated_tiny_imagenet_k8_light_20k_256_ddim20_2026-07-08/samples_prefix_8""}",64,/root/autodl-tmp/CoFiTok/checkpoints/train_tiny_imagenet_k8_denoisepath_p150_light_20k_2026-07-08/checkpoint_final.pt,True,train_tiny_imagenet_k8_denoisepath_p150_light_20k_cuda,tiny_imagenet_200,0.9606928825378418,0.0,999,64,0,256,81808,2,tiny_conv,True,[8],generated_tiny_imagenet_k8_light_20k_256_ddim20_2026-07-08,/root/autodl-tmp/CoFiTok/checkpoints/generated_tiny_imagenet_k8_light_20k_256_ddim20_2026-07-08/sample_report.json,sampling,20,20260708,139,20000,restricted,16,8,32,light_denoise_path
20,3,"{""samples_prefix_8"": ""/root/autodl-tmp/CoFiTok/checkpoints/generated_tiny_imagenet_k8_light_20k_64_ddim20_2026-07-08/samples_prefix_8.png"", ""samples_prefix_8_count"": 64, ""samples_prefix_8_dir"": ""/root/autodl-tmp/CoFiTok/checkpoints/generated_tiny_imagenet_k8_light_20k_64_ddim20_2026-07-08/samples_prefix_8""}",32,/root/autodl-tmp/CoFiTok/checkpoints/train_tiny_imagenet_k8_denoisepath_p150_light_20k_2026-07-08/checkpoint_final.pt,True,train_tiny_imagenet_k8_denoisepath_p150_light_20k_cuda,tiny_imagenet_200,0.474712610244751,0.0,999,64,0,64,81808,2,tiny_conv,True,[8],generated_tiny_imagenet_k8_light_20k_64_ddim20_2026-07-08,/root/autodl-tmp/CoFiTok/checkpoints/generated_tiny_imagenet_k8_light_20k_64_ddim20_2026-07-08/sample_report.json,sampling,20,20260708,139,20000,restricted,16,8,32,light_denoise_path
20,3,"{""samples_prefix_8"": ""/root/autodl-tmp/CoFiTok/checkpoints/generated_tiny_imagenet_k8_light_64_ddim20_2026-07-08/samples_prefix_8.png"", ""samples_prefix_8_count"": 64, ""samples_prefix_8_dir"": ""/root/autodl-tmp/CoFiTok/checkpoints/generated_tiny_imagenet_k8_light_64_ddim20_2026-07-08/samples_prefix_8""}",32,/root/autodl-tmp/CoFiTok/checkpoints/train_tiny_imagenet_k8_denoisepath_p150_light_5k_2026-07-08/checkpoint_final.pt,True,train_tiny_imagenet_k8_denoisepath_p150_light_5k_cuda,tiny_imagenet_200,0.5016825199127197,0.0,999,64,0,64,81808,2,tiny_conv,True,[8],generated_tiny_imagenet_k8_light_64_ddim20_2026-07-08,/root/autodl-tmp/CoFiTok/checkpoints/generated_tiny_imagenet_k8_light_64_ddim20_2026-07-08/sample_report.json,sampling,20,20260708,139,5000,restricted,16,8,32,light_denoise_path
20,3,"{""samples_prefix_8"": ""/root/autodl-tmp/CoFiTok/checkpoints/generated_tiny_k8_light_20k_1024_ddim20_2026-07-08/samples_prefix_8.png"", ""samples_prefix_8_count"": 1024, ""samples_prefix_8_dir"": ""/root/autodl-tmp/CoFiTok/checkpoints/generated_tiny_k8_light_20k_1024_ddim20_2026-07-08/samples_prefix_8""}",64,/root/autodl-tmp/CoFiTok/checkpoints/train_tiny_imagenet_k8_denoisepath_p150_light_20k_2026-07-08/checkpoint_final.pt,True,train_tiny_imagenet_k8_denoisepath_p150_light_20k_cuda,tiny_imagenet_200,2.757270336151123,0.0,999,64,0,1024,81808,2,tiny_conv,True,[8],generated_tiny_k8_light_20k_1024_ddim20_2026-07-08,/root/autodl-tmp/CoFiTok/checkpoints/generated_tiny_k8_light_20k_1024_ddim20_2026-07-08/sample_report.json,sampling,20,2601024,139,20000,restricted,16,8,32,light_denoise_path
50,3,"{""samples_prefix_8"": ""/root/autodl-tmp/CoFiTok/checkpoints/generated_tiny_k8_light_20k_seed2_2048_ddim50_2026-07-08/samples_prefix_8.png"", ""samples_prefix_8_count"": 2048, ""samples_prefix_8_dir"": ""/root/autodl-tmp/CoFiTok/checkpoints/generated_tiny_k8_light_20k_seed2_2048_ddim50_2026-07-08/samples_prefix_8""}",64,/root/autodl-tmp/CoFiTok/checkpoints/train_tiny_imagenet_k8_denoisepath_p150_light_20k_seed2_cuda_2026-07-08/checkpoint_final.pt,True,train_tiny_imagenet_k8_denoisepath_p150_light_20k_seed2_cuda,tiny_imagenet_200,7.616910696029663,0.0,999,64,0,2048,81808,2,tiny_conv,True,[8],generated_tiny_k8_light_20k_seed2_2048_ddim50_2026-07-08,/root/autodl-tmp/CoFiTok/checkpoints/generated_tiny_k8_light_20k_seed2_2048_ddim50_2026-07-08/sample_report.json,sampling,50,103,103,20000,restricted,16,8,32,light_denoise_path
50,3,"{""samples_prefix_8"": ""/root/autodl-tmp/CoFiTok/checkpoints/generated_tiny_k8_light_multiscale_10k_2048_ddim50_2026-07-08/samples_prefix_8.png"", ""samples_prefix_8_count"": 2048, ""samples_prefix_8_dir"": ""/root/autodl-tmp/CoFiTok/checkpoints/generated_tiny_k8_light_multiscale_10k_2048_ddim50_2026-07-08/samples_prefix_8""}",64,/root/autodl-tmp/CoFiTok/checkpoints/train_tiny_imagenet_k8_denoisepath_p150_light_multiscale_10k_cuda_2026-07-08/checkpoint_final.pt,True,train_tiny_imagenet_k8_denoisepath_p150_light_multiscale_10k_cuda,tiny_imagenet_200,17.80318284034729,0.0,999,64,0,2048,1660912,2,multiscale_unet,True,[8],generated_tiny_k8_light_multiscale_10k_2048_ddim50_2026-07-08,/root/autodl-tmp/CoFiTok/checkpoints/generated_tiny_k8_light_multiscale_10k_2048_ddim50_2026-07-08/sample_report.json,sampling,50,151,151,10000,restricted,16,8,24,light_denoise_path
20,3,"{""samples_prefix_1"": ""/root/autodl-tmp/CoFiTok/checkpoints/samples_cifar10_k8_light_16_ddim20_2026-07-08/samples_prefix_1.png"", ""samples_prefix_4"": ""/root/autodl-tmp/CoFiTok/checkpoints/samples_cifar10_k8_light_16_ddim20_2026-07-08/samples_prefix_4.png"", ""samples_prefix_8"": ""/root/autodl-tmp/CoFiTok/checkpoints/samples_cifar10_k8_light_16_ddim20_2026-07-08/samples_prefix_8.png""}",16,/root/autodl-tmp/CoFiTok/checkpoints/train_cifar10_k8_denoisepath_p150_light_3k_2026-07-08/checkpoint_final.pt,True,train_cifar10_k8_denoisepath_p150_light_3k_cuda,cifar10,0.4495368003845215,0.0,999,32,0,16,81808,2,tiny_conv,True,"[1, 4, 8]",samples_cifar10_k8_light_16_ddim20_2026-07-08,/root/autodl-tmp/CoFiTok/checkpoints/samples_cifar10_k8_light_16_ddim20_2026-07-08/sample_report.json,sampling,20,20260708,137,3000,restricted,16,8,64,light_denoise_path
20,3,"{""samples_prefix_1"": ""/root/autodl-tmp/CoFiTok/checkpoints/samples_imagenet_hf_k8_light_8_ddim20_2026-07-08/samples_prefix_1.png"", ""samples_prefix_4"": ""/root/autodl-tmp/CoFiTok/checkpoints/samples_imagenet_hf_k8_light_8_ddim20_2026-07-08/samples_prefix_4.png"", ""samples_prefix_8"": ""/root/autodl-tmp/CoFiTok/checkpoints/samples_imagenet_hf_k8_light_8_ddim20_2026-07-08/samples_prefix_8.png""}",8,/root/autodl-tmp/CoFiTok/checkpoints/train_imagenet_1k_64x64_hf_k8_denoisepath_p150_light_5k_2026-07-08/checkpoint_final.pt,True,train_imagenet_1k_64x64_hf_k8_denoisepath_p150_light_5k_cuda,imagenet_1k_64x64_hf,0.4526965618133545,0.0,999,64,0,8,81808,2,tiny_conv,True,"[1, 4, 8]",samples_imagenet_hf_k8_light_8_ddim20_2026-07-08,/root/autodl-tmp/CoFiTok/checkpoints/samples_imagenet_hf_k8_light_8_ddim20_2026-07-08/sample_report.json,sampling,20,20260708,139,5000,restricted,16,8,32,light_denoise_path
20,3,"{""samples_prefix_1"": ""/root/autodl-tmp/CoFiTok/checkpoints/samples_tiny_k8_light_8_ddim20_2026-07-08/samples_prefix_1.png"", ""samples_prefix_4"": ""/root/autodl-tmp/CoFiTok/checkpoints/samples_tiny_k8_light_8_ddim20_2026-07-08/samples_prefix_4.png"", ""samples_prefix_8"": ""/root/autodl-tmp/CoFiTok/checkpoints/samples_tiny_k8_light_8_ddim20_2026-07-08/samples_prefix_8.png""}",8,/root/autodl-tmp/CoFiTok/checkpoints/train_tiny_imagenet_k8_denoisepath_p150_light_5k_2026-07-08/checkpoint_final.pt,True,train_tiny_imagenet_k8_denoisepath_p150_light_5k_cuda,tiny_imagenet_200,0.5024797916412354,0.0,999,64,0,8,81808,2,tiny_conv,True,"[1, 4, 8]",samples_tiny_k8_light_8_ddim20_2026-07-08,/root/autodl-tmp/CoFiTok/checkpoints/samples_tiny_k8_light_8_ddim20_2026-07-08/sample_report.json,sampling,20,20260708,139,5000,restricted,16,8,32,light_denoise_path
