available_sample_images,config_name,dataset,elapsed_seconds,feature_size,inception_available,inception_frechet,lowres_frechet_proxy,predictor_type,real_image_count,report_dir,report_type,sample_image_count,samples_dir,split,steps,token_count,variant
64,train_cifar10_k8_denoisepath_p150_light_3k_cuda,cifar10,4.802282333374023,8,True,313.8881060808702,7.26628400341152,tiny_conv,256,generated_quality_cifar10_k8_light_64_ddim20_2026-07-08,generated_quality,64,/root/autodl-tmp/CoFiTok/checkpoints/generated_cifar10_k8_light_64_ddim20_2026-07-08/samples_prefix_8,val,3000,8,light_denoise_path
1024,train_imagenet_1k_64x64_hf_k8_epsilononly_p150eval_20k_cuda,imagenet_1k_64x64_hf,7.259867429733276,8,True,230.2794113980212,5.0077185363853705,tiny_conv,4096,generated_quality_imagenet_hf_epsilononly_20k_1024_ddim20_2026-07-08,generated_quality,1024,/root/autodl-tmp/CoFiTok/checkpoints/generated_imagenet_hf_epsilononly_20k_1024_ddim20_2026-07-08/samples_prefix_8,val,20000,8,epsilon_only
256,train_imagenet_1k_64x64_hf_k8_epsilononly_p150eval_20k_cuda,imagenet_1k_64x64_hf,5.818426847457886,8,True,262.0618289626024,5.265727907234172,tiny_conv,1024,generated_quality_imagenet_hf_epsilononly_20k_256_ddim20_2026-07-08,generated_quality,256,/root/autodl-tmp/CoFiTok/checkpoints/generated_imagenet_hf_epsilononly_20k_256_ddim20_2026-07-08/samples_prefix_8,val,20000,8,epsilon_only
2048,train_imagenet_1k_64x64_hf_k8_epsilononly_p150eval_20k_seed2_cuda,imagenet_1k_64x64_hf,10.533405542373657,8,True,246.04692382301553,6.558496534531785,tiny_conv,8192,generated_quality_imagenet_hf_epsilononly_20k_seed2_2048_ddim50_2026-07-08,generated_quality,2048,/root/autodl-tmp/CoFiTok/checkpoints/generated_imagenet_hf_epsilononly_20k_seed2_2048_ddim50_2026-07-08/samples_prefix_8,val,20000,8,epsilon_only
1024,train_imagenet_1k_64x64_hf_k8_denoisepath_p150_light_20k_cuda,imagenet_1k_64x64_hf,7.250197172164917,8,True,241.98767567245244,6.337326048676602,tiny_conv,4096,generated_quality_imagenet_hf_k8_light_20k_1024_ddim20_2026-07-08,generated_quality,1024,/root/autodl-tmp/CoFiTok/checkpoints/generated_imagenet_hf_k8_light_20k_1024_ddim20_2026-07-08/samples_prefix_8,val,20000,8,light_denoise_path
256,train_imagenet_1k_64x64_hf_k8_denoisepath_p150_light_20k_cuda,imagenet_1k_64x64_hf,5.539860963821411,8,True,276.000505478318,6.618310735612863,tiny_conv,1024,generated_quality_imagenet_hf_k8_light_20k_256_ddim20_2026-07-08,generated_quality,256,/root/autodl-tmp/CoFiTok/checkpoints/generated_imagenet_hf_k8_light_20k_256_ddim20_2026-07-08/samples_prefix_8,val,20000,8,light_denoise_path
64,train_imagenet_1k_64x64_hf_k8_denoisepath_p150_light_20k_cuda,imagenet_1k_64x64_hf,4.846079111099243,8,True,321.26256968365936,7.974418619831238,tiny_conv,256,generated_quality_imagenet_hf_k8_light_20k_64_ddim20_2026-07-08,generated_quality,64,/root/autodl-tmp/CoFiTok/checkpoints/generated_imagenet_hf_k8_light_20k_64_ddim20_2026-07-08/samples_prefix_8,val,20000,8,light_denoise_path
2048,train_imagenet_1k_64x64_hf_k8_denoisepath_p150_light_20k_seed2_cuda,imagenet_1k_64x64_hf,10.028122186660767,8,True,274.0250694212341,6.685616749214734,tiny_conv,8192,generated_quality_imagenet_hf_k8_light_20k_seed2_2048_ddim50_2026-07-08,generated_quality,2048,/root/autodl-tmp/CoFiTok/checkpoints/generated_imagenet_hf_k8_light_20k_seed2_2048_ddim50_2026-07-08/samples_prefix_8,val,20000,8,light_denoise_path
64,train_imagenet_1k_64x64_hf_k8_denoisepath_p150_light_5k_cuda,imagenet_1k_64x64_hf,5.159285068511963,8,True,374.35234759284276,8.533712805690053,tiny_conv,256,generated_quality_imagenet_hf_k8_light_64_ddim20_2026-07-08,generated_quality,64,/root/autodl-tmp/CoFiTok/checkpoints/generated_imagenet_hf_k8_light_64_ddim20_2026-07-08/samples_prefix_8,val,5000,8,light_denoise_path
2048,train_imagenet_1k_64x64_hf_k8_denoisepath_p150_light_multiscale_10k_cuda,imagenet_1k_64x64_hf,10.631458282470703,8,True,189.0490908491418,6.01077490785583,multiscale_unet,8192,generated_quality_imagenet_hf_k8_light_multiscale_10k_2048_ddim50_2026-07-08,generated_quality,2048,/root/autodl-tmp/CoFiTok/checkpoints/generated_imagenet_hf_k8_light_multiscale_10k_2048_ddim50_2026-07-08/samples_prefix_8,val,10000,8,light_denoise_path
1024,train_afhqv2_64_k8_epsilononly_p150eval_5k_cuda,afhqv2_64,78.47817969322205,8,True,345.9385928805596,6.579158283451607,tiny_conv,4096,generated_quality_stream_afhqv2_64_epsilononly_5k_1024_ddim50_2026-07-09,generated_quality,1024,streamed_from_checkpoint,val,5000,8,epsilon_only
1024,train_afhqv2_64_k8_denoisepath_p150_light_5k_cuda,afhqv2_64,81.16128945350647,8,True,331.0574038258805,7.0780572877931425,tiny_conv,4096,generated_quality_stream_afhqv2_64_k8_light_5k_1024_ddim50_2026-07-09,generated_quality,1024,streamed_from_checkpoint,val,5000,8,light_denoise_path
1024,train_cifar10_k8_epsilononly_p150eval_3k_cuda,cifar10,8.59789776802063,8,True,320.1375688725353,6.42897250404268,tiny_conv,4096,generated_quality_stream_cifar10_epsilononly_3k_1024_ddim50_2026-07-10_cifar_p0,generated_quality,1024,streamed_from_checkpoint,val,3000,8,epsilon_only
1024,train_downsampled_imagenet64_k8_epsilononly_p150eval_5k_cuda,downsampled_imagenet_64,44.017223596572876,8,True,377.11908568974957,7.577812659398078,tiny_conv,4096,generated_quality_stream_downsampled_imagenet64_epsilononly_5k_1024_ddim50_2026-07-09,generated_quality,1024,streamed_from_checkpoint,val,5000,8,epsilon_only
1024,train_downsampled_imagenet64_k8_denoisepath_p150_light_5k_cuda,downsampled_imagenet_64,10.893825769424438,8,True,374.6833211029276,8.355380816355524,tiny_conv,4096,generated_quality_stream_downsampled_imagenet64_k8_light_5k_1024_ddim50_2026-07-09,generated_quality,1024,streamed_from_checkpoint,val,5000,8,light_denoise_path
1024,train_ffhq64_k8_epsilononly_p150eval_5k_cuda,ffhq_64,77.28620290756226,8,True,424.1108256360812,8.088101433963073,tiny_conv,4096,generated_quality_stream_ffhq64_epsilononly_5k_1024_ddim50_2026-07-09,generated_quality,1024,streamed_from_checkpoint,val,5000,8,epsilon_only
1024,train_ffhq64_k8_denoisepath_p150_light_5k_cuda,ffhq_64,67.2752594947815,8,True,425.7088653024866,8.737876966314342,tiny_conv,4096,generated_quality_stream_ffhq64_k8_light_5k_1024_ddim50_2026-07-09,generated_quality,1024,streamed_from_checkpoint,val,5000,8,light_denoise_path
50000,train_imagenet_1k_64x64_hf_k8_epsilononly_p150eval_20k_seed2_cuda,imagenet_1k_64x64_hf,161.67848467826843,8,True,238.03290826252572,6.44957125047903,tiny_conv,50000,generated_quality_stream_imagenet_hf_epsilononly_20k_seed2_50000_ddim50_2026-07-08,generated_quality,50000,streamed_from_checkpoint,val,20000,8,epsilon_only
8192,train_imagenet_1k_64x64_hf_k8_epsilononly_p150eval_20k_seed2_cuda,imagenet_1k_64x64_hf,30.69441270828247,8,True,240.891872609772,6.549041627219917,tiny_conv,8192,generated_quality_stream_imagenet_hf_epsilononly_20k_seed2_8192_ddim50_2026-07-08,generated_quality,8192,streamed_from_checkpoint,val,20000,8,epsilon_only
50000,train_imagenet_1k_64x64_hf_k8_epsilononly_p150eval_multiscale_20k_cuda,imagenet_1k_64x64_hf,400.7924976348877,8,True,134.24430363085438,5.559344403801126,multiscale_unet,50000,generated_quality_stream_imagenet_hf_epsilononly_multiscale_20k_50000_ddim50_2026-07-08,generated_quality,50000,streamed_from_checkpoint,val,20000,8,epsilon_only
50000,train_imagenet_1k_64x64_hf_k8_denoisepath_p150_light_20k_seed2_cuda,imagenet_1k_64x64_hf,161.38633847236633,8,True,266.80448381902676,6.609598639980552,tiny_conv,50000,generated_quality_stream_imagenet_hf_k8_light_20k_seed2_50000_ddim50_2026-07-08,generated_quality,50000,streamed_from_checkpoint,val,20000,8,light_denoise_path
8192,train_imagenet_1k_64x64_hf_k8_denoisepath_p150_light_20k_seed2_cuda,imagenet_1k_64x64_hf,30.90439224243164,8,True,269.2785243667052,6.699345498952309,tiny_conv,8192,generated_quality_stream_imagenet_hf_k8_light_20k_seed2_8192_ddim50_2026-07-08,generated_quality,8192,streamed_from_checkpoint,val,20000,8,light_denoise_path
50000,train_imagenet_1k_64x64_hf_k8_denoisepath_p150_light_multiscale_20k_cuda,imagenet_1k_64x64_hf,398.9830639362335,8,True,136.83762315120498,6.2099482688792,multiscale_unet,50000,generated_quality_stream_imagenet_hf_k8_light_multiscale_20k_50000_ddim50_2026-07-08,generated_quality,50000,streamed_from_checkpoint,val,20000,8,light_denoise_path
8192,train_tiny_imagenet_k8_epsilononly_p150eval_20k_seed2_cuda,tiny_imagenet_200,30.589274644851685,8,True,272.995525068489,7.576083862799978,tiny_conv,8192,generated_quality_stream_tiny_epsilononly_20k_seed2_8192_ddim50_2026-07-08,generated_quality,8192,streamed_from_checkpoint,val,20000,8,epsilon_only
1024,train_tiny_imagenet_k8_epsilononly_p150eval_5k_cuda,tiny_imagenet_200,9.621297836303711,8,True,385.5077538897933,8.267616088585038,tiny_conv,4096,generated_quality_stream_tiny_epsilononly_5k_1024_ddim50_2026-07-09,generated_quality,1024,streamed_from_checkpoint,val,5000,8,epsilon_only
10000,train_tiny_imagenet_k8_epsilononly_p150eval_multiscale_20k_cuda,tiny_imagenet_200,83.69509959220886,8,True,136.71324898783726,5.205665507755874,multiscale_unet,10000,generated_quality_stream_tiny_epsilononly_multiscale_20k_10000_ddim50_2026-07-08,generated_quality,10000,streamed_from_checkpoint,val,20000,8,epsilon_only
8192,train_tiny_imagenet_k8_denoisepath_p150_light_20k_seed2_cuda,tiny_imagenet_200,30.492627382278442,8,True,271.02598576044386,7.32637932151525,tiny_conv,8192,generated_quality_stream_tiny_k8_light_20k_seed2_8192_ddim50_2026-07-08,generated_quality,8192,streamed_from_checkpoint,val,20000,8,light_denoise_path
10000,train_tiny_imagenet_k8_denoisepath_p150_light_multiscale_20k_cuda,tiny_imagenet_200,83.60137796401978,8,True,141.4576986517896,5.700076294877173,multiscale_unet,10000,generated_quality_stream_tiny_k8_light_multiscale_20k_10000_ddim50_2026-07-08,generated_quality,10000,streamed_from_checkpoint,val,20000,8,light_denoise_path
1024,train_tiny_imagenet_k8_epsilononly_p150eval_20k_cuda,tiny_imagenet_200,6.951852083206177,8,True,227.28144316480225,5.53851419697977,tiny_conv,4096,generated_quality_tiny_epsilononly_20k_1024_ddim20_2026-07-08,generated_quality,1024,/root/autodl-tmp/CoFiTok/checkpoints/generated_tiny_epsilononly_20k_1024_ddim20_2026-07-08/samples_prefix_8,val,20000,8,epsilon_only
256,train_tiny_imagenet_k8_epsilononly_p150eval_20k_cuda,tiny_imagenet_200,5.219568490982056,8,True,263.9912124771778,5.753998954869717,tiny_conv,1024,generated_quality_tiny_epsilononly_20k_256_ddim20_2026-07-08,generated_quality,256,/root/autodl-tmp/CoFiTok/checkpoints/generated_tiny_epsilononly_20k_256_ddim20_2026-07-08/samples_prefix_8,val,20000,8,epsilon_only
2048,train_tiny_imagenet_k8_epsilononly_p150eval_20k_seed2_cuda,tiny_imagenet_200,10.03843903541565,8,True,276.93318224053326,7.594082307982922,tiny_conv,8192,generated_quality_tiny_epsilononly_20k_seed2_2048_ddim50_2026-07-08,generated_quality,2048,/root/autodl-tmp/CoFiTok/checkpoints/generated_tiny_epsilononly_20k_seed2_2048_ddim50_2026-07-08/samples_prefix_8,val,20000,8,epsilon_only
256,train_tiny_imagenet_k8_denoisepath_p150_light_20k_cuda,tiny_imagenet_200,5.024381875991821,8,True,281.26458152311676,6.982800970545885,tiny_conv,1024,generated_quality_tiny_imagenet_k8_light_20k_256_ddim20_2026-07-08,generated_quality,256,/root/autodl-tmp/CoFiTok/checkpoints/generated_tiny_imagenet_k8_light_20k_256_ddim20_2026-07-08/samples_prefix_8,val,20000,8,light_denoise_path
64,train_tiny_imagenet_k8_denoisepath_p150_light_20k_cuda,tiny_imagenet_200,4.8199756145477295,8,True,326.7515145446545,7.95634110674452,tiny_conv,256,generated_quality_tiny_imagenet_k8_light_20k_64_ddim20_2026-07-08,generated_quality,64,/root/autodl-tmp/CoFiTok/checkpoints/generated_tiny_imagenet_k8_light_20k_64_ddim20_2026-07-08/samples_prefix_8,val,20000,8,light_denoise_path
64,train_tiny_imagenet_k8_denoisepath_p150_light_5k_cuda,tiny_imagenet_200,4.45430588722229,8,True,373.23502397820016,8.219693173877044,tiny_conv,256,generated_quality_tiny_imagenet_k8_light_64_ddim20_2026-07-08,generated_quality,64,/root/autodl-tmp/CoFiTok/checkpoints/generated_tiny_imagenet_k8_light_64_ddim20_2026-07-08/samples_prefix_8,val,5000,8,light_denoise_path
1024,train_tiny_imagenet_k8_denoisepath_p150_light_20k_cuda,tiny_imagenet_200,7.414798736572266,8,True,245.26189821426505,6.731057099110724,tiny_conv,4096,generated_quality_tiny_k8_light_20k_1024_ddim20_2026-07-08,generated_quality,1024,/root/autodl-tmp/CoFiTok/checkpoints/generated_tiny_k8_light_20k_1024_ddim20_2026-07-08/samples_prefix_8,val,20000,8,light_denoise_path
2048,train_tiny_imagenet_k8_denoisepath_p150_light_20k_seed2_cuda,tiny_imagenet_200,9.422938823699951,8,True,274.7528566190282,7.339717997837788,tiny_conv,8192,generated_quality_tiny_k8_light_20k_seed2_2048_ddim50_2026-07-08,generated_quality,2048,/root/autodl-tmp/CoFiTok/checkpoints/generated_tiny_k8_light_20k_seed2_2048_ddim50_2026-07-08/samples_prefix_8,val,20000,8,light_denoise_path
2048,train_tiny_imagenet_k8_denoisepath_p150_light_multiscale_10k_cuda,tiny_imagenet_200,9.868793249130249,8,True,174.48243775772576,6.211784216125768,multiscale_unet,8192,generated_quality_tiny_k8_light_multiscale_10k_2048_ddim50_2026-07-08,generated_quality,2048,/root/autodl-tmp/CoFiTok/checkpoints/generated_tiny_k8_light_multiscale_10k_2048_ddim50_2026-07-08/samples_prefix_8,val,10000,8,light_denoise_path
