actual_device,baseline,dataset,eval_image_size,eval_report,image_count,lowres_frechet_proxy,model_id,nfe,reconstruction_mse,reconstruction_psnr_db,run_name,source_resolution
cuda,ml_flextok,afhqv2_64,256,artifacts/reports/baselines/ml_flextok/afhqv2_64_recon256_eval256_2026-07-10/baseline_eval_report.json,256,0.03581811706547767,EPFL-VILAB/flextok_d12_d12_in1k,4,0.01577057151371264,24.042125592067777,ml_flextok_afhqv2_64_recon256_256img,64
cuda,titok_1d_tokenizer,afhqv2_64,256,artifacts/reports/baselines/titok_1d_tokenizer/afhqv2_64_recon256_eval256_2026-07-10/baseline_eval_report.json,256,0.216782287083858,yucornetto/tokenizer_titok_l32_imagenet,1,0.07471077947411686,17.286767238046224,titok_1d_tokenizer_afhqv2_64_recon256_256img,64
cuda,ml_flextok,cifar10,256,artifacts/reports/baselines/ml_flextok/cifar10_recon256_eval256_2026-07-10/baseline_eval_report.json,256,0.03733607249462858,EPFL-VILAB/flextok_d12_d12_in1k,4,0.008419210854754056,26.76788604993055,ml_flextok_cifar10_recon256_256img,32
cuda,titok_1d_tokenizer,cifar10,256,artifacts/reports/baselines/titok_1d_tokenizer/cifar10_recon256_eval256_2026-07-10/baseline_eval_report.json,256,0.16784678013980153,yucornetto/tokenizer_titok_l32_imagenet,1,0.046499567630235106,19.346110766460953,titok_1d_tokenizer_cifar10_recon256_256img,32
cuda,ml_flextok,downsampled_imagenet_64,256,artifacts/reports/baselines/ml_flextok/downsampled_imagenet_64_recon256_eval256_2026-07-10/baseline_eval_report.json,256,0.04180880898741572,EPFL-VILAB/flextok_d12_d12_in1k,4,0.022142530443488795,22.56832740871652,ml_flextok_downsampled_imagenet_64_recon256_256img,64
cuda,titok_1d_tokenizer,downsampled_imagenet_64,256,artifacts/reports/baselines/titok_1d_tokenizer/downsampled_imagenet_64_recon256_eval256_2026-07-10/baseline_eval_report.json,256,0.19557508119171704,yucornetto/tokenizer_titok_l32_imagenet,1,0.08502246695570648,16.725262893123965,titok_1d_tokenizer_downsampled_imagenet_64_recon256_256img,64
cuda,ml_flextok,ffhq_64,256,artifacts/reports/baselines/ml_flextok/ffhq_64_recon256_eval256_2026-07-10/baseline_eval_report.json,256,0.042227124282740065,EPFL-VILAB/flextok_d12_d12_in1k,4,0.015715956547865062,24.057191719421084,ml_flextok_ffhq_64_recon256_256img,64
cuda,titok_1d_tokenizer,ffhq_64,256,artifacts/reports/baselines/titok_1d_tokenizer/ffhq_64_recon256_eval256_2026-07-10/baseline_eval_report.json,256,0.23067083916252953,yucornetto/tokenizer_titok_l32_imagenet,1,0.0729381546843797,17.391052197443447,titok_1d_tokenizer_ffhq_64_recon256_256img,64
cuda,ml_flextok,imagenet_1k_64x64_hf,256,artifacts/reports/baselines/ml_flextok/imagenet_1k_64x64_hf_recon256_eval256_2026-07-10/baseline_eval_report.json,256,0.03899391301518766,EPFL-VILAB/flextok_d12_d12_in1k,4,0.017474297559601837,23.596602645423065,ml_flextok_imagenet_1k_64x64_hf_recon256_256img,64
cuda,titok_1d_tokenizer,imagenet_1k_64x64_hf,256,artifacts/reports/baselines/titok_1d_tokenizer/imagenet_1k_64x64_hf_recon256_eval256_2026-07-10/baseline_eval_report.json,256,0.18169655405848228,yucornetto/tokenizer_titok_l32_imagenet,1,0.06286850612377748,18.03626850524589,titok_1d_tokenizer_imagenet_1k_64x64_hf_recon256_256img,64
cuda,ml_flextok,imagenet_256,256,artifacts/reports/baselines/ml_flextok/imagenet_256_recon256_eval256_2026-07-10/baseline_eval_report.json,256,0.04378680755766952,EPFL-VILAB/flextok_d12_d12_in1k,4,0.04895570520784531,19.12256680359305,ml_flextok_imagenet_256_recon256_256img,256
cuda,titok_1d_tokenizer,imagenet_256,256,artifacts/reports/baselines/titok_1d_tokenizer/imagenet_256_recon256_eval256_2026-07-10/baseline_eval_report.json,256,0.19589965625130856,yucornetto/tokenizer_titok_l32_imagenet,1,0.11160208040382713,15.543877008529172,titok_1d_tokenizer_imagenet_256_recon256_256img,256
cuda,ml_flextok,imagenet_256_10pct,256,artifacts/reports/baselines/ml_flextok/imagenet_256_10pct_recon256_eval256_2026-07-10/baseline_eval_report.json,256,0.04381864774543801,EPFL-VILAB/flextok_d12_d12_in1k,4,0.048950503349260543,19.123028293934556,ml_flextok_imagenet_256_10pct_recon256_256img,256
cuda,titok_1d_tokenizer,imagenet_256_10pct,256,artifacts/reports/baselines/titok_1d_tokenizer/imagenet_256_10pct_recon256_eval256_2026-07-10/baseline_eval_report.json,256,0.19589965625130856,yucornetto/tokenizer_titok_l32_imagenet,1,0.11160208040382713,15.543877008529172,titok_1d_tokenizer_imagenet_256_10pct_recon256_256img,256
cuda,ml_flextok,tiny_imagenet_200,256,artifacts/reports/baselines/ml_flextok/tiny_imagenet_200_recon256_eval256_2026-07-10/baseline_eval_report.json,256,0.04416349590360195,EPFL-VILAB/flextok_d12_d12_in1k,4,0.02636078129762609,21.811017133187637,ml_flextok_tiny_imagenet_200_recon256_256img,64
cuda,titok_1d_tokenizer,tiny_imagenet_200,256,artifacts/reports/baselines/titok_1d_tokenizer/tiny_imagenet_200_recon256_eval256_2026-07-10/baseline_eval_report.json,256,0.1599861002343258,yucornetto/tokenizer_titok_l32_imagenet,1,0.07446949265431613,17.300815962355195,titok_1d_tokenizer_tiny_imagenet_200_recon256_256img,64
