actual_device,baseline,dataset,eval_image_size,eval_report,image_count,lowres_frechet_proxy,model_id,nfe,reconstruction_mse,reconstruction_psnr_db,run_name,source_resolution
cuda,ml_flextok,afhqv2_64,256,artifacts/reports/baselines/ml_flextok/afhqv2_64_recon256_eval64_2026-07-10/baseline_eval_report.json,64,0.10066683338984847,EPFL-VILAB/flextok_d12_d12_in1k,4,0.016639593974105082,23.809172665461567,ml_flextok_afhqv2_64_recon256_64img,64
cuda,titok_1d_tokenizer,afhqv2_64,256,artifacts/reports/baselines/titok_1d_tokenizer/afhqv2_64_recon256_eval64_2026-07-10/baseline_eval_report.json,64,0.5779725242666632,yucornetto/tokenizer_titok_l32_imagenet,1,0.07560756127350032,17.23494761234829,titok_1d_tokenizer_afhqv2_64_recon256_64img,64
cuda,ml_flextok,cifar10,256,artifacts/reports/baselines/ml_flextok/cifar10_recon256_eval64_2026-07-10/baseline_eval_report.json,64,0.09692369948738734,EPFL-VILAB/flextok_d12_d12_in1k,4,0.009121866030909587,26.41976301680438,ml_flextok_cifar10_recon256_64img,32
cuda,titok_1d_tokenizer,cifar10,256,artifacts/reports/baselines/titok_1d_tokenizer/cifar10_recon256_eval64_2026-07-10/baseline_eval_report.json,64,0.46819085134888494,yucornetto/tokenizer_titok_l32_imagenet,1,0.04681407869793475,19.31683510447496,titok_1d_tokenizer_cifar10_recon256_64img,32
cuda,ml_flextok,downsampled_imagenet_64,256,artifacts/reports/baselines/ml_flextok/downsampled_imagenet_64_recon256_eval64_2026-07-10/baseline_eval_report.json,64,0.10419854713158096,EPFL-VILAB/flextok_d12_d12_in1k,4,0.020605554829671746,22.88075678401801,ml_flextok_downsampled_imagenet_64_recon256_64img,64
cuda,titok_1d_tokenizer,downsampled_imagenet_64,256,artifacts/reports/baselines/titok_1d_tokenizer/downsampled_imagenet_64_recon256_eval64_2026-07-10/baseline_eval_report.json,64,0.5557296228467666,yucornetto/tokenizer_titok_l32_imagenet,1,0.07926608878187835,17.029725619519528,titok_1d_tokenizer_downsampled_imagenet_64_recon256_64img,64
cuda,ml_flextok,ffhq_64,256,artifacts/reports/baselines/ml_flextok/ffhq_64_recon256_eval64_2026-07-10/baseline_eval_report.json,64,0.11584392487644402,EPFL-VILAB/flextok_d12_d12_in1k,4,0.016111139899294358,23.949337225127152,ml_flextok_ffhq_64_recon256_64img,64
cuda,titok_1d_tokenizer,ffhq_64,256,artifacts/reports/baselines/titok_1d_tokenizer/ffhq_64_recon256_eval64_2026-07-10/baseline_eval_report.json,64,0.6160763379411015,yucornetto/tokenizer_titok_l32_imagenet,1,0.07272846112027764,17.403555930050132,titok_1d_tokenizer_ffhq_64_recon256_64img,64
cuda,ml_flextok,imagenet_1k_64x64_hf,256,artifacts/reports/baselines/ml_flextok/imagenet_1k_64x64_hf_recon256_eval64_2026-07-10/baseline_eval_report.json,64,0.0972829786927286,EPFL-VILAB/flextok_d12_d12_in1k,4,0.015523260459303856,24.110770469078822,ml_flextok_imagenet_1k_64x64_hf_recon256_64img,64
cuda,titok_1d_tokenizer,imagenet_1k_64x64_hf,256,artifacts/reports/baselines/titok_1d_tokenizer/imagenet_1k_64x64_hf_recon256_eval64_2026-07-10/baseline_eval_report.json,64,0.4658390725711087,yucornetto/tokenizer_titok_l32_imagenet,1,0.0569324791431427,18.46699895611545,titok_1d_tokenizer_imagenet_1k_64x64_hf_recon256_64img,64
cuda,ml_flextok,imagenet_256,256,artifacts/reports/baselines/ml_flextok/imagenet_256_recon256_eval64_2026-07-10/baseline_eval_report.json,64,0.10714227949816314,EPFL-VILAB/flextok_d12_d12_in1k,4,0.04440911210986087,19.54587901100531,ml_flextok_imagenet_256_recon256_64img,256
cuda,titok_1d_tokenizer,imagenet_256,256,artifacts/reports/baselines/titok_1d_tokenizer/imagenet_256_recon256_eval64_2026-07-10/baseline_eval_report.json,64,0.46464140245045893,yucornetto/tokenizer_titok_l32_imagenet,1,0.09939890122041106,16.04678407700768,titok_1d_tokenizer_imagenet_256_recon256_64img,256
cuda,ml_flextok,imagenet_256_10pct,256,artifacts/reports/baselines/ml_flextok/imagenet_256_10pct_recon256_eval64_2026-07-10/baseline_eval_report.json,64,0.10716587196915069,EPFL-VILAB/flextok_d12_d12_in1k,4,0.044402267783880234,19.54654839662125,ml_flextok_imagenet_256_10pct_recon256_64img,256
cuda,titok_1d_tokenizer,imagenet_256_10pct,256,artifacts/reports/baselines/titok_1d_tokenizer/imagenet_256_10pct_recon256_eval64_2026-07-10/baseline_eval_report.json,64,0.46464140245045893,yucornetto/tokenizer_titok_l32_imagenet,1,0.09939890122041106,16.04678407700768,titok_1d_tokenizer_imagenet_256_10pct_recon256_64img,256
cuda,ml_flextok,tiny_imagenet_200,256,artifacts/reports/baselines/ml_flextok/tiny_imagenet_200_recon256_eval64_2026-07-10/baseline_eval_report.json,64,0.11533183911312644,EPFL-VILAB/flextok_d12_d12_in1k,4,0.026218599603453185,21.834505000354817,ml_flextok_tiny_imagenet_200_recon256_64img,64
cuda,titok_1d_tokenizer,tiny_imagenet_200,256,artifacts/reports/baselines/titok_1d_tokenizer/tiny_imagenet_200_recon256_eval64_2026-07-10/baseline_eval_report.json,64,0.4923560103192078,yucornetto/tokenizer_titok_l32_imagenet,1,0.0777364035602659,17.114355470067448,titok_1d_tokenizer_tiny_imagenet_200_recon256_64img,64
